Timestamp,River3
2025-01-12 00:05:00,1.47399997711
2025-01-12 00:15:00,1.47299957275
2025-01-12 00:25:00,1.47200012207
2025-01-12 00:35:00,1.46799945831
2025-01-12 00:45:00,1.47000026703
2025-01-12 00:55:00,1.47099971771
2025-01-12 01:05:00,1.46799945831
2025-01-12 01:15:00,1.46799945831
2025-01-12 01:25:00,1.46799945831
2025-01-12 01:35:00,1.46899986267
2025-01-12 01:45:00,1.46799945831
2025-01-12 01:55:00,1.46599960327
2025-01-12 02:05:00,1.46500015259
2025-01-12 02:15:00,1.46399974823
2025-01-12 02:25:00,1.46199989319
2025-01-12 02:35:00,1.46099948883
2025-01-12 02:45:00,1.46300029755
2025-01-12 02:55:00,1.46399974823
2025-01-12 03:05:00,1.46399974823
2025-01-12 03:15:00,1.46000003815
2025-01-12 03:25:00,1.46500015259
2025-01-12 03:35:00,1.46000003815
2025-01-12 03:45:00,1.46199989319
2025-01-12 03:55:00,1.47299957275
2025-01-12 04:05:00,1.4749994278
2025-01-12 04:15:00,1.47799968719
2025-01-12 04:25:00,1.47599983215
2025-01-12 04:35:00,1.47900009155
2025-01-12 04:45:00,1.47900009155
2025-01-12 04:55:00,1.47999954224
2025-01-12 05:05:00,1.47999954224
2025-01-12 05:15:00,1.47599983215
2025-01-12 05:25:00,1.47799968719
2025-01-12 05:35:00,1.47299957275
2025-01-12 05:45:00,1.47700023651
2025-01-12 05:55:00,1.47999954224
2025-01-12 06:05:00,1.47399997711
2025-01-12 06:15:00,1.47399997711
2025-01-12 06:25:00,1.47000026703
2025-01-12 06:35:00,1.47099971771
2025-01-12 06:45:00,1.46500015259
2025-01-12 06:55:00,1.46500015259
2025-01-12 07:05:00,1.46700000763
2025-01-12 07:15:00,1.46000003815
2025-01-12 07:25:00,1.45800018311
2025-01-12 07:35:00,1.45600032806
2025-01-12 07:45:00,1.45499992371
2025-01-12 07:55:00,1.45199966431
2025-01-12 08:05:00,1.44799995422
2025-01-12 08:15:00,1.44499969482
2025-01-12 08:25:00,1.45600032806
2025-01-12 08:35:00,1.45300006866
2025-01-12 08:45:00,1.45699977875
2025-01-12 08:55:00,1.45600032806
2025-01-12 09:05:00,1.45899963379
2025-01-12 09:15:00,1.45899963379
2025-01-12 09:25:00,1.46599960327
2025-01-12 09:35:00,1.46500015259
2025-01-12 09:45:00,1.46399974823
2025-01-12 09:55:00,1.46399974823
2025-01-12 10:05:00,1.46300029755
2025-01-12 10:15:00,1.46599960327
2025-01-12 10:25:00,1.46899986267
2025-01-12 10:35:00,1.46899986267
2025-01-12 10:45:00,1.46300029755
2025-01-12 10:55:00,1.45899963379
2025-01-12 11:05:00,1.45499992371
2025-01-12 11:15:00,1.46300029755
2025-01-12 11:25:00,1.45899963379
2025-01-12 11:35:00,1.46199989319
2025-01-12 11:45:00,1.45800018311
2025-01-12 11:55:00,1.45600032806
2025-01-12 12:05:00,1.46099948883
2025-01-12 12:15:00,1.45699977875
2025-01-12 12:25:00,1.45100021362
2025-01-12 12:35:00,1.44799995422
2025-01-12 12:45:00,1.45399951935
2025-01-12 12:55:00,1.45300006866
2025-01-12 13:05:00,1.45600032806
2025-01-12 13:15:00,1.45800018311
2025-01-12 13:25:00,1.45300006866
2025-01-12 13:35:00,1.45600032806
2025-01-12 13:45:00,1.45600032806
2025-01-12 13:55:00,1.46399974823
2025-01-12 14:05:00,1.46599960327
2025-01-12 14:15:00,1.47099971771
2025-01-12 14:25:00,1.46899986267
2025-01-12 14:35:00,1.46700000763
2025-01-12 14:45:00,1.46000003815
2025-01-12 14:55:00,1.45899963379
2025-01-12 15:05:00,1.46199989319
2025-01-12 15:15:00,1.45899963379
2025-01-12 15:25:00,1.45600032806
2025-01-12 15:35:00,1.45499992371
2025-01-12 15:45:00,1.45100021362
2025-01-12 15:55:00,1.45300006866
2025-01-12 16:05:00,1.45399951935
2025-01-12 16:15:00,1.45100021362
2025-01-12 16:25:00,1.44900035858
2025-01-12 16:35:00,1.45199966431
2025-01-12 16:45:00,1.44600009918
2025-01-12 16:55:00,1.45300006866
2025-01-12 17:05:00,1.44999980927
2025-01-12 17:15:00,1.45800018311
2025-01-12 17:25:00,1.45699977875
2025-01-12 17:35:00,1.45699977875
2025-01-12 17:45:00,1.45699977875
2025-01-12 17:55:00,1.46300029755
2025-01-12 18:05:00,1.46399974823
2025-01-12 18:15:00,1.46300029755
2025-01-12 18:25:00,1.45800018311
2025-01-12 18:35:00,1.45399951935
2025-01-12 18:45:00,1.45899963379
2025-01-12 18:55:00,1.45699977875
2025-01-12 19:05:00,1.45800018311
2025-01-12 19:15:00,1.46199989319
2025-01-12 19:25:00,1.46099948883
2025-01-12 19:35:00,1.46099948883
2025-01-12 19:45:00,1.45800018311
2025-01-12 19:55:00,1.46000003815
2025-01-12 20:05:00,1.46000003815
2025-01-12 20:15:00,1.44799995422
2025-01-12 20:25:00,1.45899963379
2025-01-12 20:35:00,1.45600032806
2025-01-12 20:45:00,1.45300006866
2025-01-12 20:55:00,1.44999980927
2025-01-12 21:05:00,1.44900035858
2025-01-12 21:15:00,1.44400024414
2025-01-12 21:25:00,1.44999980927
2025-01-12 21:35:00,1.45499992371
2025-01-12 21:45:00,1.46300029755
2025-01-12 21:55:00,1.45100021362
2025-01-12 22:05:00,1.44900035858
2025-01-12 22:15:00,1.45399951935
2025-01-12 22:25:00,1.45300006866
2025-01-12 22:35:00,1.45899963379
2025-01-12 22:45:00,1.47099971771
2025-01-12 22:55:00,1.46700000763
2025-01-12 23:05:00,1.46099948883
2025-01-12 23:15:00,1.46599960327
2025-01-12 23:25:00,1.46199989319
2025-01-12 23:35:00,1.46000003815
2025-01-12 23:45:00,1.46000003815
2025-01-12 23:55:00,1.44999980927
2025-01-13 00:05:00,1.45100021362
2025-01-13 00:15:00,1.44799995422
2025-01-13 00:25:00,1.45100021362
2025-01-13 00:35:00,1.44699954987
2025-01-13 00:45:00,1.44699954987
2025-01-13 00:55:00,1.45100021362
2025-01-13 01:05:00,1.45499992371
2025-01-13 01:15:00,1.44600009918
2025-01-13 01:25:00,1.44799995422
2025-01-13 01:35:00,1.44199943542
2025-01-13 01:45:00,1.44699954987
2025-01-13 01:55:00,1.44499969482
2025-01-13 02:05:00,1.44900035858
2025-01-13 02:15:00,1.45600032806
2025-01-13 02:25:00,1.45699977875
2025-01-13 02:35:00,1.46099948883
2025-01-13 02:45:00,1.45600032806
2025-01-13 02:55:00,1.46500015259
2025-01-13 03:05:00,1.46500015259
2025-01-13 03:15:00,1.46500015259
2025-01-13 03:25:00,1.47000026703
2025-01-13 03:35:00,1.46799945831
2025-01-13 03:45:00,1.47200012207
2025-01-13 03:55:00,1.46899986267
2025-01-13 04:05:00,1.47200012207
2025-01-13 04:15:00,1.46700000763
2025-01-13 04:25:00,1.46599960327
2025-01-13 04:35:00,1.47200012207
2025-01-13 04:45:00,1.46399974823
2025-01-13 04:55:00,1.46599960327
2025-01-13 05:05:00,1.46099948883
2025-01-13 05:15:00,1.45600032806
2025-01-13 05:25:00,1.45100021362
2025-01-13 05:35:00,1.45600032806
2025-01-13 05:45:00,1.45300006866
2025-01-13 05:55:00,1.45199966431
2025-01-13 06:05:00,1.45399951935
2025-01-13 06:15:00,1.44799995422
2025-01-13 06:25:00,1.45800018311
2025-01-13 06:35:00,1.45800018311
2025-01-13 06:45:00,1.46099948883
2025-01-13 06:55:00,1.45899963379
2025-01-13 07:05:00,1.45899963379
2025-01-13 07:15:00,1.46700000763
2025-01-13 07:25:00,1.46799945831
2025-01-13 07:35:00,1.46799945831
2025-01-13 07:45:00,1.47000026703
2025-01-13 07:55:00,1.46199989319
2025-01-13 08:05:00,1.46700000763
2025-01-13 08:15:00,1.46300029755
2025-01-13 08:25:00,1.45499992371
2025-01-13 08:35:00,1.45800018311
2025-01-13 08:45:00,1.45499992371
2025-01-13 08:55:00,1.45600032806
2025-01-13 09:05:00,1.45300006866
2025-01-13 09:15:00,1.44999980927
2025-01-13 09:25:00,1.44099998474
2025-01-13 09:35:00,1.44600009918
2025-01-13 09:45:00,1.44400024414
2025-01-13 09:55:00,1.44600009918
2025-01-13 10:05:00,1.43499946594
2025-01-13 10:15:00,1.4359998703
2025-01-13 10:25:00,1.43799972534
2025-01-13 10:35:00,1.43999958038
2025-01-13 10:45:00,1.44499969482
2025-01-13 10:55:00,1.44900035858
2025-01-13 11:05:00,1.45499992371
2025-01-13 11:15:00,1.45300006866
2025-01-13 11:25:00,1.45600032806
2025-01-13 11:35:00,1.45699977875
2025-01-13 11:45:00,1.46599960327
2025-01-13 11:55:00,1.46899986267
2025-01-13 12:05:00,1.47099971771
2025-01-13 12:15:00,1.47000026703
2025-01-13 12:25:00,1.46399974823
2025-01-13 12:35:00,1.46700000763
2025-01-13 12:45:00,1.47399997711
2025-01-13 12:55:00,1.46700000763
2025-01-13 13:05:00,1.46599960327
2025-01-13 13:15:00,1.46799945831
2025-01-13 13:25:00,1.47000026703
2025-01-13 13:35:00,1.46199989319
2025-01-13 13:45:00,1.46000003815
2025-01-13 13:55:00,1.46700000763
2025-01-13 14:05:00,1.46399974823
2025-01-13 14:15:00,1.46199989319
2025-01-13 14:25:00,1.45399951935
2025-01-13 14:35:00,1.44699954987
2025-01-13 14:45:00,1.45499992371
2025-01-13 14:55:00,1.45699977875
2025-01-13 15:05:00,1.46000003815
2025-01-13 15:15:00,1.45600032806
2025-01-13 15:25:00,1.46399974823
2025-01-13 15:35:00,1.45300006866
2025-01-13 15:45:00,1.45399951935
2025-01-13 15:55:00,1.45499992371
2025-01-13 16:05:00,1.46399974823
2025-01-13 16:15:00,1.46000003815
2025-01-13 16:25:00,1.46399974823
2025-01-13 16:35:00,1.46899986267
2025-01-13 16:45:00,1.46099948883
2025-01-13 16:55:00,1.46599960327
2025-01-13 17:05:00,1.46399974823
2025-01-13 17:15:00,1.45399951935
2025-01-13 17:25:00,1.44900035858
2025-01-13 17:35:00,1.45399951935
2025-01-13 17:45:00,1.44999980927
2025-01-13 17:55:00,1.44999980927
2025-01-13 18:05:00,1.45199966431
2025-01-13 18:15:00,1.45300006866
2025-01-13 18:25:00,1.44900035858
2025-01-13 18:35:00,1.45199966431
2025-01-13 18:45:00,1.45100021362
2025-01-13 18:55:00,1.44900035858
2025-01-13 19:05:00,1.45499992371
2025-01-13 19:15:00,1.44699954987
2025-01-13 19:25:00,1.45100021362
2025-01-13 19:35:00,1.46000003815
2025-01-13 19:45:00,1.45699977875
2025-01-13 19:55:00,1.45199966431
2025-01-13 20:05:00,1.45399951935
2025-01-13 20:15:00,1.45600032806
2025-01-13 20:25:00,1.45499992371
2025-01-13 20:35:00,1.46500015259
2025-01-13 20:45:00,1.4749994278
2025-01-13 20:55:00,1.47999954224
2025-01-13 21:05:00,1.47599983215
2025-01-13 21:15:00,1.46599960327
2025-01-13 21:25:00,1.47000026703
2025-01-13 21:35:00,1.47700023651
2025-01-13 21:45:00,1.47000026703
2025-01-13 21:55:00,1.46500015259
2025-01-13 22:05:00,1.4749994278
2025-01-13 22:15:00,1.47299957275
2025-01-13 22:25:00,1.46899986267
2025-01-13 22:35:00,1.46500015259
2025-01-13 22:45:00,1.46899986267
2025-01-13 22:55:00,1.47000026703
2025-01-13 23:05:00,1.46500015259
2025-01-13 23:15:00,1.46399974823
2025-01-13 23:25:00,1.47399997711
2025-01-13 23:35:00,1.46599960327
2025-01-13 23:45:00,1.47099971771
2025-01-13 23:55:00,1.46700000763
2025-01-14 00:05:00,1.46199989319
2025-01-14 00:15:00,1.46300029755
2025-01-14 00:25:00,1.45699977875
2025-01-14 00:35:00,1.45499992371
2025-01-14 00:45:00,1.46500015259
2025-01-14 00:55:00,1.46300029755
2025-01-14 01:05:00,1.46399974823
2025-01-14 01:15:00,1.46300029755
2025-01-14 01:25:00,1.46599960327
2025-01-14 01:35:00,1.46500015259
2025-01-14 01:45:00,1.46899986267
2025-01-14 01:55:00,1.46700000763
2025-01-14 02:05:00,1.46599960327
2025-01-14 02:15:00,1.46700000763
2025-01-14 02:25:00,1.46899986267
2025-01-14 02:35:00,1.46500015259
2025-01-14 02:45:00,1.46599960327
2025-01-14 02:55:00,1.45800018311
2025-01-14 03:05:00,1.46199989319
2025-01-14 03:15:00,1.46599960327
2025-01-14 03:25:00,1.45399951935
2025-01-14 03:35:00,1.44699954987
2025-01-14 03:45:00,1.45699977875
2025-01-14 03:55:00,1.45800018311
2025-01-14 04:05:00,1.45399951935
2025-01-14 04:15:00,1.44900035858
2025-01-14 04:25:00,1.45399951935
2025-01-14 04:35:00,1.45699977875
2025-01-14 04:45:00,1.45399951935
2025-01-14 04:55:00,1.46700000763
2025-01-14 05:05:00,1.46500015259
2025-01-14 05:15:00,1.46700000763
2025-01-14 05:25:00,1.46500015259
2025-01-14 05:35:00,1.46700000763
2025-01-14 05:45:00,1.46899986267
2025-01-14 05:55:00,1.46599960327
2025-01-14 06:05:00,1.47200012207
2025-01-14 06:15:00,1.47000026703
2025-01-14 06:25:00,1.47200012207
2025-01-14 06:35:00,1.48099994659
2025-01-14 06:45:00,1.47700023651
2025-01-14 06:55:00,1.47900009155
2025-01-14 07:05:00,1.48099994659
2025-01-14 07:15:00,1.47599983215
2025-01-14 07:25:00,1.47999954224
2025-01-14 07:35:00,1.47599983215
2025-01-14 07:45:00,1.46799945831
2025-01-14 07:55:00,1.47399997711
2025-01-14 08:05:00,1.47099971771
2025-01-14 08:15:00,1.46599960327
2025-01-14 08:25:00,1.46799945831
2025-01-14 08:35:00,1.47099971771
2025-01-14 08:45:00,1.45899963379
2025-01-14 08:55:00,1.45899963379
2025-01-14 09:05:00,1.46000003815
2025-01-14 09:15:00,1.45800018311
2025-01-14 09:25:00,1.46000003815
2025-01-14 09:35:00,1.45899963379
2025-01-14 09:45:00,1.46000003815
2025-01-14 09:55:00,1.47099971771
2025-01-14 10:05:00,1.46599960327
2025-01-14 10:15:00,1.46199989319
2025-01-14 10:25:00,1.46599960327
2025-01-14 10:35:00,1.46199989319
2025-01-14 10:45:00,1.46599960327
2025-01-14 10:55:00,1.46399974823
2025-01-14 11:05:00,1.46899986267
2025-01-14 11:15:00,1.46899986267
2025-01-14 11:25:00,1.46700000763
2025-01-14 11:35:00,1.46599960327
2025-01-14 11:45:00,1.46399974823
2025-01-14 11:55:00,1.46300029755
2025-01-14 12:05:00,1.46300029755
2025-01-14 12:15:00,1.46199989319
2025-01-14 12:25:00,1.46500015259
2025-01-14 12:35:00,1.47200012207
2025-01-14 12:45:00,1.47099971771
2025-01-14 12:55:00,1.47099971771
2025-01-14 13:05:00,1.46500015259
2025-01-14 13:15:00,1.46199989319
2025-01-14 13:25:00,1.46899986267
2025-01-14 13:35:00,1.46599960327
2025-01-14 13:45:00,1.46500015259
2025-01-14 13:55:00,1.46799945831
2025-01-14 14:05:00,1.46399974823
2025-01-14 14:15:00,1.46599960327
2025-01-14 14:25:00,1.46799945831
2025-01-14 14:35:00,1.46000003815
2025-01-14 14:45:00,1.46099948883
2025-01-14 14:55:00,1.46500015259
2025-01-14 15:05:00,1.46399974823
2025-01-14 15:15:00,1.46500015259
2025-01-14 15:25:00,1.47200012207
2025-01-14 15:35:00,1.46899986267
2025-01-14 15:45:00,1.46700000763
2025-01-14 15:55:00,1.46700000763
2025-01-14 16:05:00,1.46199989319
2025-01-14 16:15:00,1.47099971771
2025-01-14 16:25:00,1.47399997711
2025-01-14 16:35:00,1.47299957275
2025-01-14 16:45:00,1.46899986267
2025-01-14 16:55:00,1.47099971771
2025-01-14 17:05:00,1.47299957275
2025-01-14 17:15:00,1.47599983215
2025-01-14 17:25:00,1.46799945831
2025-01-14 17:35:00,1.47099971771
2025-01-14 17:45:00,1.46899986267
2025-01-14 17:55:00,1.46799945831
2025-01-14 18:05:00,1.46700000763
2025-01-14 18:15:00,1.46899986267
2025-01-14 18:25:00,1.46399974823
2025-01-14 18:35:00,1.46000003815
2025-01-14 18:45:00,1.45399951935
2025-01-14 18:55:00,1.45300006866
2025-01-14 19:05:00,1.44199943542
2025-01-14 19:15:00,1.44900035858
2025-01-14 19:25:00,1.44400024414
2025-01-14 19:35:00,1.44400024414
2025-01-14 19:45:00,1.4390001297
2025-01-14 19:55:00,1.43700027466
2025-01-14 20:05:00,1.44199943542
2025-01-14 20:15:00,1.44799995422
2025-01-14 20:25:00,1.44299983978
2025-01-14 20:35:00,1.44400024414
2025-01-14 20:45:00,1.44699954987
2025-01-14 20:55:00,1.45100021362
2025-01-14 21:05:00,1.45899963379
2025-01-14 21:15:00,1.45100021362
2025-01-14 21:25:00,1.46000003815
2025-01-14 21:35:00,1.46099948883
2025-01-14 21:45:00,1.46399974823
2025-01-14 21:55:00,1.45800018311
2025-01-14 22:05:00,1.46199989319
2025-01-14 22:15:00,1.46199989319
2025-01-14 22:25:00,1.45899963379
2025-01-14 22:35:00,1.45899963379
2025-01-14 22:45:00,1.46000003815
2025-01-14 22:55:00,1.44900035858
2025-01-14 23:05:00,1.46000003815
2025-01-14 23:15:00,1.46099948883
2025-01-14 23:25:00,1.45499992371
2025-01-14 23:35:00,1.45600032806
2025-01-14 23:45:00,1.45199966431
2025-01-14 23:55:00,1.45100021362
2025-01-15 00:05:00,1.45199966431
2025-01-15 00:15:00,1.45100021362
2025-01-15 00:25:00,1.44600009918
2025-01-15 00:35:00,1.44400024414
2025-01-15 00:45:00,1.43799972534
2025-01-15 00:55:00,1.44699954987
2025-01-15 01:05:00,1.44600009918
2025-01-15 01:15:00,1.44799995422
2025-01-15 01:25:00,1.44499969482
2025-01-15 01:35:00,1.45499992371
2025-01-15 01:45:00,1.45199966431
2025-01-15 01:55:00,1.45699977875
2025-01-15 02:05:00,1.45699977875
2025-01-15 02:15:00,1.45100021362
2025-01-15 02:25:00,1.44900035858
2025-01-15 02:35:00,1.46300029755
2025-01-15 02:45:00,1.45600032806
2025-01-15 02:55:00,1.46000003815
2025-01-15 03:05:00,1.46199989319
2025-01-15 03:15:00,1.46700000763
2025-01-15 03:25:00,1.46099948883
2025-01-15 03:35:00,1.47099971771
2025-01-15 03:45:00,1.46500015259
2025-01-15 03:55:00,1.46099948883
2025-01-15 04:05:00,1.46799945831
2025-01-15 04:15:00,1.46500015259
2025-01-15 04:25:00,1.46099948883
2025-01-15 04:35:00,1.46399974823
2025-01-15 04:45:00,1.46599960327
2025-01-15 04:55:00,1.46500015259
2025-01-15 05:05:00,1.46199989319
2025-01-15 05:15:00,1.46700000763
2025-01-15 05:25:00,1.46500015259
2025-01-15 05:35:00,1.45499992371
2025-01-15 05:45:00,1.45399951935
2025-01-15 05:55:00,1.45300006866
2025-01-15 06:05:00,1.45499992371
2025-01-15 06:15:00,1.45899963379
2025-01-15 06:25:00,1.46000003815
2025-01-15 06:35:00,1.45800018311
2025-01-15 06:45:00,1.45800018311
2025-01-15 06:55:00,1.45899963379
2025-01-15 07:05:00,1.45499992371
2025-01-15 07:15:00,1.45699977875
2025-01-15 07:25:00,1.45600032806
2025-01-15 07:35:00,1.45499992371
2025-01-15 07:45:00,1.45600032806
2025-01-15 07:55:00,1.46000003815
2025-01-15 08:05:00,1.46099948883
2025-01-15 08:15:00,1.47000026703
2025-01-15 08:25:00,1.45699977875
2025-01-15 08:35:00,1.45600032806
2025-01-15 08:45:00,1.46000003815
2025-01-15 08:55:00,1.46000003815
2025-01-15 09:05:00,1.45600032806
2025-01-15 09:15:00,1.45800018311
2025-01-15 09:25:00,1.45800018311
2025-01-15 09:35:00,1.45699977875
2025-01-15 09:45:00,1.45800018311
2025-01-15 09:55:00,1.45600032806
2025-01-15 10:05:00,1.45300006866
2025-01-15 10:15:00,1.44699954987
2025-01-15 10:25:00,1.45300006866
2025-01-15 10:35:00,1.44999980927
2025-01-15 10:45:00,1.44499969482
2025-01-15 10:55:00,1.45699977875
2025-01-15 11:05:00,1.45899963379
2025-01-15 11:15:00,1.44499969482
2025-01-15 11:25:00,1.44499969482
2025-01-15 11:35:00,1.45499992371
2025-01-15 11:45:00,1.45600032806
2025-01-15 11:55:00,1.46199989319
2025-01-15 12:05:00,1.46099948883
2025-01-15 12:15:00,1.45800018311
2025-01-15 12:25:00,1.46599960327
2025-01-15 12:35:00,1.46399974823
2025-01-15 12:45:00,1.46199989319
2025-01-15 12:55:00,1.45600032806
2025-01-15 13:05:00,1.46099948883
2025-01-15 13:15:00,1.45499992371
2025-01-15 13:25:00,1.45800018311
2025-01-15 13:35:00,1.45699977875
2025-01-15 13:45:00,1.44900035858
2025-01-15 13:55:00,1.45199966431
2025-01-15 14:05:00,1.44799995422
2025-01-15 14:15:00,1.44600009918
2025-01-15 14:25:00,1.44900035858
2025-01-15 14:35:00,1.44499969482
2025-01-15 14:45:00,1.44799995422
2025-01-15 14:55:00,1.44400024414
2025-01-15 15:05:00,1.44699954987
2025-01-15 15:15:00,1.45100021362
2025-01-15 15:25:00,1.44999980927
2025-01-15 15:35:00,1.45199966431
2025-01-15 15:45:00,1.44799995422
2025-01-15 15:55:00,1.45399951935
2025-01-15 16:05:00,1.45399951935
2025-01-15 16:15:00,1.45399951935
2025-01-15 16:25:00,1.45800018311
2025-01-15 16:35:00,1.45600032806
2025-01-15 16:45:00,1.45699977875
2025-01-15 16:55:00,1.45899963379
2025-01-15 17:05:00,1.45600032806
2025-01-15 17:15:00,1.45899963379
2025-01-15 17:25:00,1.45300006866
2025-01-15 17:35:00,1.45300006866
2025-01-15 17:45:00,1.44900035858
2025-01-15 17:55:00,1.44499969482
2025-01-15 18:05:00,1.44499969482
2025-01-15 18:15:00,1.44400024414
2025-01-15 18:25:00,1.44199943542
2025-01-15 18:35:00,1.4359998703
2025-01-15 18:45:00,1.43200016022
2025-01-15 18:55:00,1.42799949646
2025-01-15 19:05:00,1.43000030518
2025-01-15 19:15:00,1.42599964142
2025-01-15 19:25:00,1.42099952698
2025-01-15 19:35:00,1.42700004578
2025-01-15 19:45:00,1.42500019073
2025-01-15 19:55:00,1.43000030518
2025-01-15 20:05:00,1.42700004578
2025-01-15 20:15:00,1.42700004578
2025-01-15 20:25:00,1.4329996109
2025-01-15 20:35:00,1.4390001297
2025-01-15 20:45:00,1.43999958038
2025-01-15 20:55:00,1.44600009918
2025-01-15 21:05:00,1.44299983978
2025-01-15 21:15:00,1.44699954987
2025-01-15 21:25:00,1.44400024414
2025-01-15 21:35:00,1.44299983978
2025-01-15 21:45:00,1.44600009918
2025-01-15 21:55:00,1.44799995422
2025-01-15 22:05:00,1.4390001297
2025-01-15 22:15:00,1.43999958038
2025-01-15 22:25:00,1.44600009918
2025-01-15 22:35:00,1.44299983978
2025-01-15 22:45:00,1.4359998703
2025-01-15 22:55:00,1.43499946594
2025-01-15 23:05:00,1.43499946594
2025-01-15 23:15:00,1.44099998474
2025-01-15 23:25:00,1.44099998474
2025-01-15 23:35:00,1.44099998474
2025-01-15 23:45:00,1.43400001526
2025-01-15 23:55:00,1.43700027466
2025-01-16 00:05:00,1.43099975586
2025-01-16 00:15:00,1.43799972534
2025-01-16 00:25:00,1.43700027466
2025-01-16 00:35:00,1.4390001297
2025-01-16 00:45:00,1.43999958038
2025-01-16 00:55:00,1.44099998474
2025-01-16 01:05:00,1.44499969482
2025-01-16 01:15:00,1.44699954987
2025-01-16 01:25:00,1.44600009918
2025-01-16 01:35:00,1.44199943542
2025-01-16 01:45:00,1.44499969482
2025-01-16 01:55:00,1.44699954987
2025-01-16 02:05:00,1.45199966431
2025-01-16 02:15:00,1.45699977875
2025-01-16 02:25:00,1.45199966431
2025-01-16 02:35:00,1.45499992371
2025-01-16 02:45:00,1.45499992371
2025-01-16 02:55:00,1.45600032806
2025-01-16 03:05:00,1.45300006866
2025-01-16 03:15:00,1.44999980927
2025-01-16 03:25:00,1.45100021362
2025-01-16 03:35:00,1.44600009918
2025-01-16 03:45:00,1.44400024414
2025-01-16 03:55:00,1.4390001297
2025-01-16 04:05:00,1.43999958038
2025-01-16 04:15:00,1.4390001297
2025-01-16 04:25:00,1.43799972534
2025-01-16 04:35:00,1.43799972534
2025-01-16 04:45:00,1.4359998703
2025-01-16 04:55:00,1.44499969482
2025-01-16 05:05:00,1.44199943542
2025-01-16 05:15:00,1.44499969482
2025-01-16 05:25:00,1.44699954987
2025-01-16 05:35:00,1.44799995422
2025-01-16 05:45:00,1.44999980927
2025-01-16 05:55:00,1.45100021362
2025-01-16 06:05:00,1.45100021362
2025-01-16 06:15:00,1.45399951935
2025-01-16 06:25:00,1.45600032806
2025-01-16 06:35:00,1.45800018311
2025-01-16 06:45:00,1.45600032806
2025-01-16 06:55:00,1.45699977875
2025-01-16 07:05:00,1.45300006866
2025-01-16 07:15:00,1.45300006866
2025-01-16 07:25:00,1.45600032806
2025-01-16 07:35:00,1.45499992371
2025-01-16 07:45:00,1.45699977875
2025-01-16 07:55:00,1.45199966431
2025-01-16 08:05:00,1.44900035858
2025-01-16 08:15:00,1.44999980927
2025-01-16 08:25:00,1.44900035858
2025-01-16 08:35:00,1.44400024414
2025-01-16 08:45:00,1.4390001297
2025-01-16 08:55:00,1.43799972534
2025-01-16 09:05:00,1.4390001297
2025-01-16 09:15:00,1.4359998703
2025-01-16 09:25:00,1.43400001526
2025-01-16 09:35:00,1.43700027466
2025-01-16 09:45:00,1.43400001526
2025-01-16 09:55:00,1.43400001526
2025-01-16 10:05:00,1.4359998703
2025-01-16 10:15:00,1.43200016022
2025-01-16 10:25:00,1.4359998703
2025-01-16 10:35:00,1.43999958038
2025-01-16 10:45:00,1.4359998703
2025-01-16 10:55:00,1.4390001297
2025-01-16 11:05:00,1.43700027466
2025-01-16 11:15:00,1.43999958038
2025-01-16 11:25:00,1.44299983978
2025-01-16 11:35:00,1.44199943542
2025-01-16 11:45:00,1.44099998474
2025-01-16 11:55:00,1.44400024414
2025-01-16 12:05:00,1.44999980927
2025-01-16 12:15:00,1.44699954987
2025-01-16 12:25:00,1.44699954987
2025-01-16 12:35:00,1.44499969482
2025-01-16 12:45:00,1.44600009918
2025-01-16 12:55:00,1.44199943542
2025-01-16 13:05:00,1.4390001297
2025-01-16 13:15:00,1.43799972534
2025-01-16 13:25:00,1.43700027466
2025-01-16 13:35:00,1.4329996109
2025-01-16 13:45:00,1.43200016022
2025-01-16 13:55:00,1.42899990082
2025-01-16 14:05:00,1.4329996109
2025-01-16 14:15:00,1.43000030518
2025-01-16 14:25:00,1.43400001526
2025-01-16 14:35:00,1.4329996109
2025-01-16 14:45:00,1.43000030518
2025-01-16 14:55:00,1.43099975586
2025-01-16 15:05:00,1.43400001526
2025-01-16 15:15:00,1.43400001526
2025-01-16 15:25:00,1.43700027466
2025-01-16 15:35:00,1.43799972534
2025-01-16 15:45:00,1.4359998703
2025-01-16 15:55:00,1.43999958038
2025-01-16 16:05:00,1.44499969482
2025-01-16 16:15:00,1.44400024414
2025-01-16 16:25:00,1.44400024414
2025-01-16 16:35:00,1.44499969482
2025-01-16 16:45:00,1.44699954987
2025-01-16 16:55:00,1.44900035858
2025-01-16 17:05:00,1.44999980927
2025-01-16 17:15:00,1.44600009918
2025-01-16 17:25:00,1.44600009918
2025-01-16 17:35:00,1.44199943542
2025-01-16 17:45:00,1.44099998474
2025-01-16 17:55:00,1.4390001297
2025-01-16 18:05:00,1.43799972534
2025-01-16 18:15:00,1.43200016022
2025-01-16 18:25:00,1.43400001526
2025-01-16 18:35:00,1.43000030518
2025-01-16 18:45:00,1.43099975586
2025-01-16 18:55:00,1.43499946594
2025-01-16 19:05:00,1.43200016022
2025-01-16 19:15:00,1.4329996109
2025-01-16 19:25:00,1.42899990082
2025-01-16 19:35:00,1.42799949646
2025-01-16 19:45:00,1.42300033569
2025-01-16 19:55:00,1.43000030518
2025-01-16 20:05:00,1.42899990082
2025-01-16 20:15:00,1.42599964142
2025-01-16 20:25:00,1.42399978638
2025-01-16 20:35:00,1.42899990082
2025-01-16 20:45:00,1.42399978638
2025-01-16 20:55:00,1.42599964142
2025-01-16 21:05:00,1.42399978638
2025-01-16 21:15:00,1.42399978638
2025-01-16 21:25:00,1.42199993134
2025-01-16 21:35:00,1.41800022125
2025-01-16 21:45:00,1.42000007629
2025-01-16 21:55:00,1.41800022125
2025-01-16 22:05:00,1.41899967194
2025-01-16 22:15:00,1.41800022125
2025-01-16 22:25:00,1.41599941254
2025-01-16 22:35:00,1.41499996185
2025-01-16 22:45:00,1.42500019073
2025-01-16 22:55:00,1.42399978638
2025-01-16 23:05:00,1.43000030518
2025-01-16 23:15:00,1.43499946594
2025-01-16 23:25:00,1.43499946594
2025-01-16 23:35:00,1.4390001297
2025-01-16 23:45:00,1.43999958038
2025-01-16 23:55:00,1.44099998474
2025-01-17 00:05:00,1.43700027466
2025-01-17 00:15:00,1.44099998474
2025-01-17 00:25:00,1.4390001297
2025-01-17 00:35:00,1.44400024414
2025-01-17 00:45:00,1.44699954987
2025-01-17 00:55:00,1.44699954987
2025-01-17 01:05:00,1.44400024414
2025-01-17 01:15:00,1.43999958038
2025-01-17 01:25:00,1.4390001297
2025-01-17 01:35:00,1.43499946594
2025-01-17 01:45:00,1.43400001526
2025-01-17 01:55:00,1.43200016022
2025-01-17 02:05:00,1.42700004578
2025-01-17 02:15:00,1.42399978638
2025-01-17 02:25:00,1.42399978638
2025-01-17 02:35:00,1.42599964142
2025-01-17 02:45:00,1.42399978638
2025-01-17 02:55:00,1.4329996109
2025-01-17 03:05:00,1.43400001526
2025-01-17 03:15:00,1.4359998703
2025-01-17 03:25:00,1.43700027466
2025-01-17 03:35:00,1.43499946594
2025-01-17 03:45:00,1.42899990082
2025-01-17 03:55:00,1.43700027466
2025-01-17 04:05:00,1.44199943542
2025-01-17 04:15:00,1.4390001297
2025-01-17 04:25:00,1.43799972534
2025-01-17 04:35:00,1.44099998474
2025-01-17 04:45:00,1.44299983978
2025-01-17 04:55:00,1.4390001297
2025-01-17 05:05:00,1.43099975586
2025-01-17 05:15:00,1.43700027466
2025-01-17 05:25:00,1.43499946594
2025-01-17 05:35:00,1.43499946594
2025-01-17 05:45:00,1.42700004578
2025-01-17 05:55:00,1.42500019073
2025-01-17 06:05:00,1.43099975586
2025-01-17 06:15:00,1.43099975586
2025-01-17 06:25:00,1.42799949646
2025-01-17 06:35:00,1.42700004578
2025-01-17 06:45:00,1.42500019073
2025-01-17 06:55:00,1.42599964142
2025-01-17 07:05:00,1.43400001526
2025-01-17 07:15:00,1.4329996109
2025-01-17 07:25:00,1.43099975586
2025-01-17 07:35:00,1.43499946594
2025-01-17 07:45:00,1.4359998703
2025-01-17 07:55:00,1.43999958038
2025-01-17 08:05:00,1.43000030518
2025-01-17 08:15:00,1.4359998703
2025-01-17 08:25:00,1.43499946594
2025-01-17 08:35:00,1.4390001297
2025-01-17 08:45:00,1.4359998703
2025-01-17 08:55:00,1.43400001526
2025-01-17 09:05:00,1.42899990082
2025-01-17 09:15:00,1.4359998703
2025-01-17 09:25:00,1.43200016022
2025-01-17 09:35:00,1.4329996109
2025-01-17 09:45:00,1.43099975586
2025-01-17 09:55:00,1.42399978638
2025-01-17 10:05:00,1.42599964142
2025-01-17 10:15:00,1.42899990082
2025-01-17 10:25:00,1.4329996109
2025-01-17 10:35:00,1.4329996109
2025-01-17 10:45:00,1.42599964142
2025-01-17 10:55:00,1.42799949646
2025-01-17 11:05:00,1.42799949646
2025-01-17 11:15:00,1.43799972534
2025-01-17 11:25:00,1.44099998474
2025-01-17 11:35:00,1.4390001297
2025-01-17 11:45:00,1.44400024414
2025-01-17 11:55:00,1.44400024414
2025-01-17 12:05:00,1.44900035858
2025-01-17 12:15:00,1.44499969482
2025-01-17 12:25:00,1.44299983978
2025-01-17 12:35:00,1.43999958038
2025-01-17 12:45:00,1.4359998703
2025-01-17 12:55:00,1.43000030518
2025-01-17 13:05:00,1.43000030518
2025-01-17 13:15:00,1.42500019073
2025-01-17 13:25:00,1.43400001526
2025-01-17 13:35:00,1.43200016022
2025-01-17 13:45:00,1.42500019073
2025-01-17 13:55:00,1.42500019073
2025-01-17 14:05:00,1.42500019073
2025-01-17 14:15:00,1.42300033569
2025-01-17 14:25:00,1.4329996109
2025-01-17 14:35:00,1.4329996109
2025-01-17 14:45:00,1.42700004578
2025-01-17 14:55:00,1.42599964142
2025-01-17 15:05:00,1.42799949646
2025-01-17 15:15:00,1.42399978638
2025-01-17 15:25:00,1.42300033569
2025-01-17 15:35:00,1.42300033569
2025-01-17 15:45:00,1.42000007629
2025-01-17 15:55:00,1.42899990082
2025-01-17 16:05:00,1.4329996109
2025-01-17 16:15:00,1.43499946594
2025-01-17 16:25:00,1.44299983978
2025-01-17 16:35:00,1.45199966431
2025-01-17 16:45:00,1.44299983978
2025-01-17 16:55:00,1.44400024414
2025-01-17 17:05:00,1.44499969482
2025-01-17 17:15:00,1.45199966431
2025-01-17 17:25:00,1.44999980927
2025-01-17 17:35:00,1.44400024414
2025-01-17 17:45:00,1.44499969482
2025-01-17 17:55:00,1.44199943542
2025-01-17 18:05:00,1.44299983978
2025-01-17 18:15:00,1.43499946594
2025-01-17 18:25:00,1.42799949646
2025-01-17 18:35:00,1.43000030518
2025-01-17 18:45:00,1.4329996109
2025-01-17 18:55:00,1.42700004578
2025-01-17 19:05:00,1.42700004578
2025-01-17 19:15:00,1.42599964142
2025-01-17 19:25:00,1.42799949646
2025-01-17 19:35:00,1.42700004578
2025-01-17 19:45:00,1.42300033569
2025-01-17 19:55:00,1.42300033569
2025-01-17 20:05:00,1.42799949646
2025-01-17 20:15:00,1.42300033569
2025-01-17 20:25:00,1.42000007629
2025-01-17 20:35:00,1.42000007629
2025-01-17 20:45:00,1.42000007629
2025-01-17 20:55:00,1.41800022125
2025-01-17 21:05:00,1.42199993134
2025-01-17 21:15:00,1.42599964142
2025-01-17 21:25:00,1.42000007629
2025-01-17 21:35:00,1.41899967194
2025-01-17 21:45:00,1.42500019073
2025-01-17 21:55:00,1.42899990082
2025-01-17 22:05:00,1.43400001526
2025-01-17 22:15:00,1.4329996109
2025-01-17 22:25:00,1.43499946594
2025-01-17 22:35:00,1.43200016022
2025-01-17 22:45:00,1.43099975586
2025-01-17 22:55:00,1.43000030518
2025-01-17 23:05:00,1.42500019073
2025-01-17 23:15:00,1.42099952698
2025-01-17 23:25:00,1.41199970245
2025-01-17 23:35:00,1.41300010681
2025-01-17 23:45:00,1.41800022125
2025-01-17 23:55:00,1.40899944305
2025-01-18 00:05:00,1.42099952698
2025-01-18 00:15:00,1.41499996185
2025-01-18 00:25:00,1.42300033569
2025-01-18 00:35:00,1.4139995575
2025-01-18 00:45:00,1.41599941254
2025-01-18 00:55:00,1.42000007629
2025-01-18 01:05:00,1.41699981689
2025-01-18 01:15:00,1.41899967194
2025-01-18 01:25:00,1.41699981689
2025-01-18 01:35:00,1.43099975586
2025-01-18 01:45:00,1.42700004578
2025-01-18 01:55:00,1.42199993134
2025-01-18 02:05:00,1.4329996109
2025-01-18 02:15:00,1.43200016022
2025-01-18 02:25:00,1.42599964142
2025-01-18 02:35:00,1.43499946594
2025-01-18 02:45:00,1.43499946594
2025-01-18 02:55:00,1.42599964142
2025-01-18 03:05:00,1.4359998703
2025-01-18 03:15:00,1.44199943542
2025-01-18 03:25:00,1.4359998703
2025-01-18 03:35:00,1.44099998474
2025-01-18 03:45:00,1.44600009918
2025-01-18 03:55:00,1.43999958038
2025-01-18 04:05:00,1.43999958038
2025-01-18 04:15:00,1.44799995422
2025-01-18 04:25:00,1.44799995422
2025-01-18 04:35:00,1.45199966431
2025-01-18 04:45:00,1.45100021362
2025-01-18 04:55:00,1.44799995422
2025-01-18 05:05:00,1.45100021362
2025-01-18 05:15:00,1.44799995422
2025-01-18 05:25:00,1.44900035858
2025-01-18 05:35:00,1.44699954987
2025-01-18 05:45:00,1.45100021362
2025-01-18 05:55:00,1.44799995422
2025-01-18 06:05:00,1.44400024414
2025-01-18 06:15:00,1.44499969482
2025-01-18 06:25:00,1.43999958038
2025-01-18 06:35:00,1.43999958038
2025-01-18 06:45:00,1.43700027466
2025-01-18 06:55:00,1.43700027466
2025-01-18 07:05:00,1.43099975586
2025-01-18 07:15:00,1.42799949646
2025-01-18 07:25:00,1.43000030518
2025-01-18 07:35:00,1.42700004578
2025-01-18 07:45:00,1.42399978638
2025-01-18 07:55:00,1.42399978638
2025-01-18 08:05:00,1.42300033569
2025-01-18 08:15:00,1.42500019073
2025-01-18 08:25:00,1.42700004578
2025-01-18 08:35:00,1.42599964142
2025-01-18 08:45:00,1.43099975586
2025-01-18 08:55:00,1.43200016022
2025-01-18 09:05:00,1.43400001526
2025-01-18 09:15:00,1.43799972534
2025-01-18 09:25:00,1.43799972534
2025-01-18 09:35:00,1.44499969482
2025-01-18 09:45:00,1.43999958038
2025-01-18 09:55:00,1.44600009918
2025-01-18 10:05:00,1.44400024414
2025-01-18 10:15:00,1.44299983978
2025-01-18 10:25:00,1.44099998474
2025-01-18 10:35:00,1.43499946594
2025-01-18 10:45:00,1.43400001526
2025-01-18 10:55:00,1.43200016022
2025-01-18 11:05:00,1.42599964142
2025-01-18 11:15:00,1.42799949646
2025-01-18 11:25:00,1.42399978638
2025-01-18 11:35:00,1.42199993134
2025-01-18 11:45:00,1.42300033569
2025-01-18 11:55:00,1.42099952698
2025-01-18 12:05:00,1.42099952698
2025-01-18 12:15:00,1.41599941254
2025-01-18 12:25:00,1.41300010681
2025-01-18 12:35:00,1.4139995575
2025-01-18 12:45:00,1.4139995575
2025-01-18 12:55:00,1.42099952698
2025-01-18 13:05:00,1.41699981689
2025-01-18 13:15:00,1.42500019073
2025-01-18 13:25:00,1.42500019073
2025-01-18 13:35:00,1.42599964142
2025-01-18 13:45:00,1.43200016022
2025-01-18 13:55:00,1.4329996109
2025-01-18 14:05:00,1.43499946594
2025-01-18 14:15:00,1.43400001526
2025-01-18 14:25:00,1.4359998703
2025-01-18 14:35:00,1.43799972534
2025-01-18 14:45:00,1.43799972534
2025-01-18 14:55:00,1.43799972534
2025-01-18 15:05:00,1.4359998703
2025-01-18 15:15:00,1.43799972534
2025-01-18 15:25:00,1.43200016022
2025-01-18 15:35:00,1.43200016022
2025-01-18 15:45:00,1.42599964142
2025-01-18 15:55:00,1.42500019073
2025-01-18 16:05:00,1.42500019073
2025-01-18 16:15:00,1.42599964142
2025-01-18 16:25:00,1.42599964142
2025-01-18 16:35:00,1.41899967194
2025-01-18 16:45:00,1.42300033569
2025-01-18 16:55:00,1.41800022125
2025-01-18 17:05:00,1.42199993134
2025-01-18 17:15:00,1.42399978638
2025-01-18 17:25:00,1.42099952698
2025-01-18 17:35:00,1.41800022125
2025-01-18 17:45:00,1.41300010681
2025-01-18 17:55:00,1.4139995575
2025-01-18 18:05:00,1.41199970245
2025-01-18 18:15:00,1.41199970245
2025-01-18 18:25:00,1.41100025177
2025-01-18 18:35:00,1.41100025177
2025-01-18 18:45:00,1.41100025177
2025-01-18 18:55:00,1.4139995575
2025-01-18 19:05:00,1.41599941254
2025-01-18 19:15:00,1.41599941254
2025-01-18 19:25:00,1.41499996185
2025-01-18 19:35:00,1.41800022125
2025-01-18 19:45:00,1.41899967194
2025-01-18 19:55:00,1.41499996185
2025-01-18 20:05:00,1.42000007629
2025-01-18 20:15:00,1.42399978638
2025-01-18 20:25:00,1.42300033569
2025-01-18 20:35:00,1.41699981689
2025-01-18 20:45:00,1.41800022125
2025-01-18 20:55:00,1.4139995575
2025-01-18 21:05:00,1.41300010681
2025-01-18 21:15:00,1.41699981689
2025-01-18 21:25:00,1.41499996185
2025-01-18 21:35:00,1.41699981689
2025-01-18 21:45:00,1.4139995575
2025-01-18 21:55:00,1.42199993134
2025-01-18 22:05:00,1.41199970245
2025-01-18 22:15:00,1.40899944305
2025-01-18 22:25:00,1.40299987793
2025-01-18 22:35:00,1.40899944305
2025-01-18 22:45:00,1.40799999237
2025-01-18 22:55:00,1.40699958801
2025-01-18 23:05:00,1.40899944305
2025-01-18 23:15:00,1.40699958801
2025-01-18 23:25:00,1.41199970245
2025-01-18 23:35:00,1.40999984741
2025-01-18 23:45:00,1.41100025177
2025-01-18 23:55:00,1.40999984741
2025-01-19 00:05:00,1.40899944305
2025-01-19 00:15:00,1.40499973297
2025-01-19 00:25:00,1.40600013733
2025-01-19 00:35:00,1.41199970245
2025-01-19 00:45:00,1.40699958801
2025-01-19 00:55:00,1.40799999237
2025-01-19 01:05:00,1.41300010681
2025-01-19 01:15:00,1.41100025177
2025-01-19 01:25:00,1.41300010681
2025-01-19 01:35:00,1.40699958801
2025-01-19 01:45:00,1.40899944305
2025-01-19 01:55:00,1.41199970245
2025-01-19 02:05:00,1.41300010681
2025-01-19 02:15:00,1.41499996185
2025-01-19 02:25:00,1.4139995575
2025-01-19 02:35:00,1.42000007629
2025-01-19 02:45:00,1.41699981689
2025-01-19 02:55:00,1.41800022125
2025-01-19 03:05:00,1.42300033569
2025-01-19 03:15:00,1.42399978638
2025-01-19 03:25:00,1.42899990082
2025-01-19 03:35:00,1.42700004578
2025-01-19 03:45:00,1.4329996109
2025-01-19 03:55:00,1.42399978638
2025-01-19 04:05:00,1.41899967194
2025-01-19 04:15:00,1.42399978638
2025-01-19 04:25:00,1.42899990082
2025-01-19 04:35:00,1.42799949646
2025-01-19 04:45:00,1.42799949646
2025-01-19 04:55:00,1.42599964142
2025-01-19 05:05:00,1.42500019073
2025-01-19 05:15:00,1.42099952698
2025-01-19 05:25:00,1.42199993134
2025-01-19 05:35:00,1.41499996185
2025-01-19 05:45:00,1.41800022125
2025-01-19 05:55:00,1.41899967194
2025-01-19 06:05:00,1.42199993134
2025-01-19 06:15:00,1.42399978638
2025-01-19 06:25:00,1.42700004578
2025-01-19 06:35:00,1.43000030518
2025-01-19 06:45:00,1.42199993134
2025-01-19 06:55:00,1.42899990082
2025-01-19 07:05:00,1.42700004578
2025-01-19 07:15:00,1.42799949646
2025-01-19 07:25:00,1.43000030518
2025-01-19 07:35:00,1.43200016022
2025-01-19 07:45:00,1.44099998474
2025-01-19 07:55:00,1.4359998703
2025-01-19 08:05:00,1.4390001297
2025-01-19 08:15:00,1.4359998703
2025-01-19 08:25:00,1.43200016022
2025-01-19 08:35:00,1.42799949646
2025-01-19 08:45:00,1.42899990082
2025-01-19 08:55:00,1.43700027466
2025-01-19 09:05:00,1.42899990082
2025-01-19 09:15:00,1.42599964142
2025-01-19 09:25:00,1.41899967194
2025-01-19 09:35:00,1.42399978638
2025-01-19 09:45:00,1.42899990082
2025-01-19 09:55:00,1.42500019073
2025-01-19 10:05:00,1.42099952698
2025-01-19 10:15:00,1.41699981689
2025-01-19 10:25:00,1.41699981689
2025-01-19 10:35:00,1.41699981689
2025-01-19 10:45:00,1.41300010681
2025-01-19 10:55:00,1.41300010681
2025-01-19 11:05:00,1.42199993134
2025-01-19 11:15:00,1.41800022125
2025-01-19 11:25:00,1.41699981689
2025-01-19 11:35:00,1.41699981689
2025-01-19 11:45:00,1.42399978638
2025-01-19 11:55:00,1.42700004578
2025-01-19 12:05:00,1.42399978638
2025-01-19 12:15:00,1.42199993134
2025-01-19 12:25:00,1.42700004578
2025-01-19 12:35:00,1.42599964142
2025-01-19 12:45:00,1.43000030518
2025-01-19 12:55:00,1.43200016022
2025-01-19 13:05:00,1.42700004578
2025-01-19 13:15:00,1.42300033569
2025-01-19 13:25:00,1.41800022125
2025-01-19 13:35:00,1.41100025177
2025-01-19 13:45:00,1.41800022125
2025-01-19 13:55:00,1.42300033569
2025-01-19 14:05:00,1.41899967194
2025-01-19 14:15:00,1.41599941254
2025-01-19 14:25:00,1.41499996185
2025-01-19 14:35:00,1.4139995575
2025-01-19 14:45:00,1.41199970245
2025-01-19 14:55:00,1.41100025177
2025-01-19 15:05:00,1.41499996185
2025-01-19 15:15:00,1.41699981689
2025-01-19 15:25:00,1.40799999237
2025-01-19 15:35:00,1.41599941254
2025-01-19 15:45:00,1.42199993134
2025-01-19 15:55:00,1.42700004578
2025-01-19 16:05:00,1.42399978638
2025-01-19 16:15:00,1.43099975586
2025-01-19 16:25:00,1.42799949646
2025-01-19 16:35:00,1.42599964142
2025-01-19 16:45:00,1.42700004578
2025-01-19 16:55:00,1.43499946594
2025-01-19 17:05:00,1.43400001526
2025-01-19 17:15:00,1.42700004578
2025-01-19 17:25:00,1.42500019073
2025-01-19 17:35:00,1.42199993134
2025-01-19 17:45:00,1.42099952698
2025-01-19 17:55:00,1.41300010681
2025-01-19 18:05:00,1.40499973297
2025-01-19 18:15:00,1.41199970245
2025-01-19 18:25:00,1.41599941254
2025-01-19 18:35:00,1.42000007629
2025-01-19 18:45:00,1.41300010681
2025-01-19 18:55:00,1.41300010681
2025-01-19 19:05:00,1.42700004578
2025-01-19 19:15:00,1.41899967194
2025-01-19 19:25:00,1.41699981689
2025-01-19 19:35:00,1.42700004578
2025-01-19 19:45:00,1.42399978638
2025-01-19 19:55:00,1.42599964142
2025-01-19 20:05:00,1.42500019073
2025-01-19 20:15:00,1.42899990082
2025-01-19 20:25:00,1.42599964142
2025-01-19 20:35:00,1.42799949646
2025-01-19 20:45:00,1.43099975586
2025-01-19 20:55:00,1.43099975586
2025-01-19 21:05:00,1.43200016022
2025-01-19 21:15:00,1.43400001526
2025-01-19 21:25:00,1.42500019073
2025-01-19 21:35:00,1.42599964142
2025-01-19 21:45:00,1.42300033569
2025-01-19 21:55:00,1.42399978638
2025-01-19 22:05:00,1.41699981689
2025-01-19 22:15:00,1.42000007629
2025-01-19 22:25:00,1.42300033569
2025-01-19 22:35:00,1.42899990082
2025-01-19 22:45:00,1.42300033569
2025-01-19 22:55:00,1.42099952698
2025-01-19 23:05:00,1.41499996185
2025-01-19 23:15:00,1.41599941254
2025-01-19 23:25:00,1.41100025177
2025-01-19 23:35:00,1.41599941254
2025-01-19 23:45:00,1.41499996185
2025-01-19 23:55:00,1.41899967194
2025-01-20 00:05:00,1.41800022125
2025-01-20 00:15:00,1.42099952698
2025-01-20 00:25:00,1.42000007629
2025-01-20 00:35:00,1.42399978638
2025-01-20 00:45:00,1.42099952698
2025-01-20 00:55:00,1.42199993134
2025-01-20 01:05:00,1.42399978638
2025-01-20 01:15:00,1.42300033569
2025-01-20 01:25:00,1.42399978638
2025-01-20 01:35:00,1.42099952698
2025-01-20 01:45:00,1.42500019073
2025-01-20 01:55:00,1.42700004578
2025-01-20 02:05:00,1.43400001526
2025-01-20 02:15:00,1.43400001526
2025-01-20 02:25:00,1.43499946594
2025-01-20 02:35:00,1.43499946594
2025-01-20 02:45:00,1.43499946594
2025-01-20 02:55:00,1.43700027466
2025-01-20 03:05:00,1.44499969482
2025-01-20 03:15:00,1.43999958038
2025-01-20 03:25:00,1.43400001526
2025-01-20 03:35:00,1.43999958038
2025-01-20 03:45:00,1.44999980927
2025-01-20 03:55:00,1.44799995422
2025-01-20 04:05:00,1.44199943542
2025-01-20 04:15:00,1.44499969482
2025-01-20 04:25:00,1.44199943542
2025-01-20 04:35:00,1.44099998474
2025-01-20 04:45:00,1.44400024414
2025-01-20 04:55:00,1.44400024414
2025-01-20 05:05:00,1.44400024414
2025-01-20 05:15:00,1.44999980927
2025-01-20 05:25:00,1.45800018311
2025-01-20 05:35:00,1.45899963379
2025-01-20 05:45:00,1.44799995422
2025-01-20 05:55:00,1.44600009918
2025-01-20 06:05:00,1.4390001297
2025-01-20 06:15:00,1.44499969482
2025-01-20 06:25:00,1.43700027466
2025-01-20 06:35:00,1.43400001526
2025-01-20 06:45:00,1.4390001297
2025-01-20 06:55:00,1.42799949646
2025-01-20 07:05:00,1.42700004578
2025-01-20 07:15:00,1.43200016022
2025-01-20 07:25:00,1.42899990082
2025-01-20 07:35:00,1.43400001526
2025-01-20 07:45:00,1.43799972534
2025-01-20 07:55:00,1.44299983978
2025-01-20 08:05:00,1.44199943542
2025-01-20 08:15:00,1.44299983978
2025-01-20 08:25:00,1.44699954987
2025-01-20 08:35:00,1.44499969482
2025-01-20 08:45:00,1.44299983978
2025-01-20 08:55:00,1.43999958038
2025-01-20 09:05:00,1.44499969482
2025-01-20 09:15:00,1.44799995422
2025-01-20 09:25:00,1.44499969482
2025-01-20 09:35:00,1.44199943542
2025-01-20 09:45:00,1.43999958038
2025-01-20 09:55:00,1.43799972534
2025-01-20 10:05:00,1.43700027466
2025-01-20 10:15:00,1.43099975586
2025-01-20 10:25:00,1.42700004578
2025-01-20 10:35:00,1.43099975586
2025-01-20 10:45:00,1.42500019073
2025-01-20 10:55:00,1.42500019073
2025-01-20 11:05:00,1.42199993134
2025-01-20 11:15:00,1.42199993134
2025-01-20 11:25:00,1.42000007629
2025-01-20 11:35:00,1.41800022125
2025-01-20 11:45:00,1.4329996109
2025-01-20 11:55:00,1.42199993134
2025-01-20 12:05:00,1.43200016022
2025-01-20 12:15:00,1.43200016022
2025-01-20 12:25:00,1.4329996109
2025-01-20 12:35:00,1.43700027466
2025-01-20 12:45:00,1.44099998474
2025-01-20 12:55:00,1.4390001297
2025-01-20 13:05:00,1.4359998703
2025-01-20 13:15:00,1.44499969482
2025-01-20 13:25:00,1.44699954987
2025-01-20 13:35:00,1.44600009918
2025-01-20 13:45:00,1.4390001297
2025-01-20 13:55:00,1.44600009918
2025-01-20 14:05:00,1.44499969482
2025-01-20 14:15:00,1.43099975586
2025-01-20 14:25:00,1.43799972534
2025-01-20 14:35:00,1.43400001526
2025-01-20 14:45:00,1.43099975586
2025-01-20 14:55:00,1.42099952698
2025-01-20 15:05:00,1.43499946594
2025-01-20 15:15:00,1.43200016022
2025-01-20 15:25:00,1.42199993134
2025-01-20 15:35:00,1.41300010681
2025-01-20 15:45:00,1.42500019073
2025-01-20 15:55:00,1.41899967194
2025-01-20 16:05:00,1.42300033569
2025-01-20 16:15:00,1.42500019073
2025-01-20 16:25:00,1.42000007629
2025-01-20 16:35:00,1.42399978638
2025-01-20 16:45:00,1.42099952698
2025-01-20 16:55:00,1.43099975586
2025-01-20 17:05:00,1.42599964142
2025-01-20 17:15:00,1.42500019073
2025-01-20 17:25:00,1.43400001526
2025-01-20 17:35:00,1.42700004578
2025-01-20 17:45:00,1.43200016022
2025-01-20 17:55:00,1.4329996109
2025-01-20 18:05:00,1.42500019073
2025-01-20 18:15:00,1.4329996109
2025-01-20 18:25:00,1.43799972534
2025-01-20 18:35:00,1.43200016022
2025-01-20 18:45:00,1.43000030518
2025-01-20 18:55:00,1.43099975586
2025-01-20 19:05:00,1.43999958038
2025-01-20 19:15:00,1.4329996109
2025-01-20 19:25:00,1.42799949646
2025-01-20 19:35:00,1.43499946594
2025-01-20 19:45:00,1.43099975586
2025-01-20 19:55:00,1.43000030518
2025-01-20 20:05:00,1.42700004578
2025-01-20 20:15:00,1.42899990082
2025-01-20 20:25:00,1.42199993134
2025-01-20 20:35:00,1.42899990082
2025-01-20 20:45:00,1.41800022125
2025-01-20 20:55:00,1.42500019073
2025-01-20 21:05:00,1.42799949646
2025-01-20 21:15:00,1.43400001526
2025-01-20 21:25:00,1.43200016022
2025-01-20 21:35:00,1.43200016022
2025-01-20 21:45:00,1.43700027466
2025-01-20 21:55:00,1.4329996109
2025-01-20 22:05:00,1.4329996109
2025-01-20 22:15:00,1.4359998703
2025-01-20 22:25:00,1.4359998703
2025-01-20 22:35:00,1.44099998474
2025-01-20 22:45:00,1.4390001297
2025-01-20 22:55:00,1.44499969482
2025-01-20 23:05:00,1.44600009918
2025-01-20 23:15:00,1.43999958038
2025-01-20 23:25:00,1.44600009918
2025-01-20 23:35:00,1.43799972534
2025-01-20 23:45:00,1.44400024414
2025-01-20 23:55:00,1.43999958038
2025-01-21 00:05:00,1.44299983978
2025-01-21 00:15:00,1.43099975586
2025-01-21 00:25:00,1.42799949646
2025-01-21 00:35:00,1.4390001297
2025-01-21 00:45:00,1.43400001526
2025-01-21 00:55:00,1.44099998474
2025-01-21 01:05:00,1.42899990082
2025-01-21 01:15:00,1.43000030518
2025-01-21 01:25:00,1.4329996109
2025-01-21 01:35:00,1.43400001526
2025-01-21 01:45:00,1.4329996109
2025-01-21 01:55:00,1.4329996109
2025-01-21 02:05:00,1.43000030518
2025-01-21 02:15:00,1.43400001526
2025-01-21 02:25:00,1.43099975586
2025-01-21 02:35:00,1.42799949646
2025-01-21 02:45:00,1.43700027466
2025-01-21 02:55:00,1.4390001297
2025-01-21 03:05:00,1.4359998703
2025-01-21 03:15:00,1.44099998474
2025-01-21 03:25:00,1.43400001526
2025-01-21 03:35:00,1.44299983978
2025-01-21 03:45:00,1.44499969482
2025-01-21 03:55:00,1.44299983978
2025-01-21 04:05:00,1.45199966431
2025-01-21 04:15:00,1.44400024414
2025-01-21 04:25:00,1.45199966431
2025-01-21 04:35:00,1.44400024414
2025-01-21 04:45:00,1.44299983978
2025-01-21 04:55:00,1.44799995422
2025-01-21 05:05:00,1.44600009918
2025-01-21 05:15:00,1.43799972534
2025-01-21 05:25:00,1.44199943542
2025-01-21 05:35:00,1.44600009918
2025-01-21 05:45:00,1.44299983978
2025-01-21 05:55:00,1.43200016022
2025-01-21 06:05:00,1.43499946594
2025-01-21 06:15:00,1.4359998703
2025-01-21 06:25:00,1.43799972534
2025-01-21 06:35:00,1.43999958038
2025-01-21 06:45:00,1.43499946594
2025-01-21 06:55:00,1.43099975586
2025-01-21 07:05:00,1.43999958038
2025-01-21 07:15:00,1.44499969482
2025-01-21 07:25:00,1.44600009918
2025-01-21 07:35:00,1.45100021362
2025-01-21 07:45:00,1.44699954987
2025-01-21 07:55:00,1.44400024414
2025-01-21 08:05:00,1.43700027466
2025-01-21 08:15:00,1.43799972534
2025-01-21 08:25:00,1.4359998703
2025-01-21 08:35:00,1.4359998703
2025-01-21 08:45:00,1.4329996109
2025-01-21 08:55:00,1.43499946594
2025-01-21 09:05:00,1.43000030518
2025-01-21 09:15:00,1.42700004578
2025-01-21 09:25:00,1.42599964142
2025-01-21 09:35:00,1.42599964142
2025-01-21 09:45:00,1.42000007629
2025-01-21 09:55:00,1.41599941254
2025-01-21 10:05:00,1.41800022125
2025-01-21 10:15:00,1.41199970245
2025-01-21 10:25:00,1.42099952698
2025-01-21 10:35:00,1.42399978638
2025-01-21 10:45:00,1.41499996185
2025-01-21 10:55:00,1.42300033569
2025-01-21 11:05:00,1.42300033569
2025-01-21 11:15:00,1.43000030518
2025-01-21 11:25:00,1.43400001526
2025-01-21 11:35:00,1.43999958038
2025-01-21 11:45:00,1.43799972534
2025-01-21 11:55:00,1.44299983978
2025-01-21 12:05:00,1.44299983978
2025-01-21 12:15:00,1.4390001297
2025-01-21 12:25:00,1.4390001297
2025-01-21 12:35:00,1.43700027466
2025-01-21 12:45:00,1.4359998703
2025-01-21 12:55:00,1.4329996109
2025-01-21 13:05:00,1.43099975586
2025-01-21 13:15:00,1.42599964142
2025-01-21 13:25:00,1.42799949646
2025-01-21 13:35:00,1.42000007629
2025-01-21 13:45:00,1.41699981689
2025-01-21 13:55:00,1.41300010681
2025-01-21 14:05:00,1.40799999237
2025-01-21 14:15:00,1.40100002289
2025-01-21 14:25:00,1.39999961853
2025-01-21 14:35:00,1.39299964905
2025-01-21 14:45:00,1.39799976349
2025-01-21 14:55:00,1.39499950409
2025-01-21 15:05:00,1.39999961853
2025-01-21 15:15:00,1.40400028229
2025-01-21 15:25:00,1.41199970245
2025-01-21 15:35:00,1.41499996185
2025-01-21 15:45:00,1.41800022125
2025-01-21 15:55:00,1.42000007629
2025-01-21 16:05:00,1.42399978638
2025-01-21 16:15:00,1.42899990082
2025-01-21 16:25:00,1.43700027466
2025-01-21 16:35:00,1.4329996109
2025-01-21 16:45:00,1.43400001526
2025-01-21 16:55:00,1.44099998474
2025-01-21 17:05:00,1.43999958038
2025-01-21 17:15:00,1.44600009918
2025-01-21 17:25:00,1.44699954987
2025-01-21 17:35:00,1.44699954987
2025-01-21 17:45:00,1.44499969482
2025-01-21 17:55:00,1.44199943542
2025-01-21 18:05:00,1.44199943542
2025-01-21 18:15:00,1.44199943542
2025-01-21 18:25:00,1.43700027466
2025-01-21 18:35:00,1.43799972534
2025-01-21 18:45:00,1.43799972534
2025-01-21 18:55:00,1.43700027466
2025-01-21 19:05:00,1.43499946594
2025-01-21 19:15:00,1.4359998703
2025-01-21 19:25:00,1.4329996109
2025-01-21 19:35:00,1.43499946594
2025-01-21 19:45:00,1.43799972534
2025-01-21 19:55:00,1.4359998703
2025-01-21 20:05:00,1.43400001526
2025-01-21 20:15:00,1.43999958038
2025-01-21 20:25:00,1.43700027466
2025-01-21 20:35:00,1.42899990082
2025-01-21 20:45:00,1.42700004578
2025-01-21 20:55:00,1.43099975586
2025-01-21 21:05:00,1.43099975586
2025-01-21 21:15:00,1.43099975586
2025-01-21 21:25:00,1.42700004578
2025-01-21 21:35:00,1.43099975586
2025-01-21 21:45:00,1.42399978638
2025-01-21 21:55:00,1.42599964142
2025-01-21 22:05:00,1.42199993134
2025-01-21 22:15:00,1.42300033569
2025-01-21 22:25:00,1.42000007629
2025-01-21 22:35:00,1.41699981689
2025-01-21 22:45:00,1.41499996185
2025-01-21 22:55:00,1.41300010681
2025-01-21 23:05:00,1.41499996185
2025-01-21 23:15:00,1.4139995575
2025-01-21 23:25:00,1.41800022125
2025-01-21 23:35:00,1.41800022125
2025-01-21 23:45:00,1.42199993134
2025-01-21 23:55:00,1.42199993134
2025-01-22 00:05:00,1.41499996185
2025-01-22 00:15:00,1.41699981689
2025-01-22 00:25:00,1.42199993134
2025-01-22 00:35:00,1.42799949646
2025-01-22 00:45:00,1.4329996109
2025-01-22 00:55:00,1.43499946594
2025-01-22 01:05:00,1.43000030518
2025-01-22 01:15:00,1.43099975586
2025-01-22 01:25:00,1.43000030518
2025-01-22 01:35:00,1.43000030518
2025-01-22 01:45:00,1.42799949646
2025-01-22 01:55:00,1.41899967194
2025-01-22 02:05:00,1.42099952698
2025-01-22 02:15:00,1.41599941254
2025-01-22 02:25:00,1.40899944305
2025-01-22 02:35:00,1.41300010681
2025-01-22 02:45:00,1.41199970245
2025-01-22 02:55:00,1.41699981689
2025-01-22 03:05:00,1.42000007629
2025-01-22 03:15:00,1.42099952698
2025-01-22 03:25:00,1.42099952698
2025-01-22 03:35:00,1.40199947357
2025-01-22 03:45:00,1.41499996185
2025-01-22 03:55:00,1.41199970245
2025-01-22 04:05:00,1.4139995575
2025-01-22 04:15:00,1.4139995575
2025-01-22 04:25:00,1.40899944305
2025-01-22 04:35:00,1.40999984741
2025-01-22 04:45:00,1.41699981689
2025-01-22 04:55:00,1.41699981689
2025-01-22 05:05:00,1.42000007629
2025-01-22 05:15:00,1.41800022125
2025-01-22 05:25:00,1.41699981689
2025-01-22 05:35:00,1.42300033569
2025-01-22 05:45:00,1.43400001526
2025-01-22 05:55:00,1.4359998703
2025-01-22 06:05:00,1.43000030518
2025-01-22 06:15:00,1.4329996109
2025-01-22 06:25:00,1.43499946594
2025-01-22 06:35:00,1.43700027466
2025-01-22 06:45:00,1.43799972534
2025-01-22 06:55:00,1.43700027466
2025-01-22 07:05:00,1.4390001297
2025-01-22 07:15:00,1.43499946594
2025-01-22 07:25:00,1.43099975586
2025-01-22 07:35:00,1.43499946594
2025-01-22 07:45:00,1.43200016022
2025-01-22 07:55:00,1.43400001526
2025-01-22 08:05:00,1.42599964142
2025-01-22 08:15:00,1.42099952698
2025-01-22 08:25:00,1.42000007629
2025-01-22 08:35:00,1.42300033569
2025-01-22 08:45:00,1.42599964142
2025-01-22 08:55:00,1.42000007629
2025-01-22 09:05:00,1.42199993134
2025-01-22 09:15:00,1.41899967194
2025-01-22 09:25:00,1.4139995575
2025-01-22 09:35:00,1.41300010681
2025-01-22 09:45:00,1.41800022125
2025-01-22 09:55:00,1.42500019073
2025-01-22 10:05:00,1.43000030518
2025-01-22 10:15:00,1.43099975586
2025-01-22 10:25:00,1.43200016022
2025-01-22 10:35:00,1.43099975586
2025-01-22 10:45:00,1.43700027466
2025-01-22 10:55:00,1.43700027466
2025-01-22 11:05:00,1.43000030518
2025-01-22 11:15:00,1.4390001297
2025-01-22 11:25:00,1.4359998703
2025-01-22 11:35:00,1.42899990082
2025-01-22 11:45:00,1.43700027466
2025-01-22 11:55:00,1.43700027466
2025-01-22 12:05:00,1.43400001526
2025-01-22 12:15:00,1.43700027466
2025-01-22 12:25:00,1.42700004578
2025-01-22 12:35:00,1.43200016022
2025-01-22 12:45:00,1.42199993134
2025-01-22 12:55:00,1.43099975586
2025-01-22 13:05:00,1.42300033569
2025-01-22 13:15:00,1.42300033569
2025-01-22 13:25:00,1.43099975586
2025-01-22 13:35:00,1.42000007629
2025-01-22 13:45:00,1.42000007629
2025-01-22 13:55:00,1.42000007629
2025-01-22 14:05:00,1.42199993134
2025-01-22 14:15:00,1.43400001526
2025-01-22 14:25:00,1.4329996109
2025-01-22 14:35:00,1.43000030518
2025-01-22 14:45:00,1.43700027466
2025-01-22 14:55:00,1.4390001297
2025-01-22 15:05:00,1.43400001526
2025-01-22 15:15:00,1.4390001297
2025-01-22 15:25:00,1.43700027466
2025-01-22 15:35:00,1.43099975586
2025-01-22 15:45:00,1.42799949646
2025-01-22 15:55:00,1.42599964142
2025-01-22 16:05:00,1.42000007629
2025-01-22 16:15:00,1.42700004578
2025-01-22 16:25:00,1.42899990082
2025-01-22 16:35:00,1.43000030518
2025-01-22 16:45:00,1.43099975586
2025-01-22 16:55:00,1.42899990082
2025-01-22 17:05:00,1.42700004578
2025-01-22 17:15:00,1.42099952698
2025-01-22 17:25:00,1.42500019073
2025-01-22 17:35:00,1.43400001526
2025-01-22 17:45:00,1.4329996109
2025-01-22 17:55:00,1.4329996109
2025-01-22 18:05:00,1.44299983978
2025-01-22 18:15:00,1.43700027466
2025-01-22 18:25:00,1.44699954987
2025-01-22 18:35:00,1.43700027466
2025-01-22 18:45:00,1.44799995422
2025-01-22 18:55:00,1.4359998703
2025-01-22 19:05:00,1.4329996109
2025-01-22 19:15:00,1.43999958038
2025-01-22 19:25:00,1.43799972534
2025-01-22 19:35:00,1.43499946594
2025-01-22 19:45:00,1.4329996109
2025-01-22 19:55:00,1.4359998703
2025-01-22 20:05:00,1.44199943542
2025-01-22 20:15:00,1.43099975586
2025-01-22 20:25:00,1.43400001526
2025-01-22 20:35:00,1.43400001526
2025-01-22 20:45:00,1.4329996109
2025-01-22 20:55:00,1.44400024414
2025-01-22 21:05:00,1.44099998474
2025-01-22 21:15:00,1.43499946594
2025-01-22 21:25:00,1.43200016022
2025-01-22 21:35:00,1.44199943542
2025-01-22 21:45:00,1.44900035858
2025-01-22 21:55:00,1.44600009918
2025-01-22 22:05:00,1.43499946594
2025-01-22 22:15:00,1.44299983978
2025-01-22 22:25:00,1.45100021362
2025-01-22 22:35:00,1.43700027466
2025-01-22 22:45:00,1.43799972534
2025-01-22 22:55:00,1.43400001526
2025-01-22 23:05:00,1.4329996109
2025-01-22 23:15:00,1.44299983978
2025-01-22 23:25:00,1.43999958038
2025-01-22 23:35:00,1.43799972534
2025-01-22 23:45:00,1.43799972534
2025-01-22 23:55:00,1.44499969482
2025-01-23 00:05:00,1.44199943542
2025-01-23 00:15:00,1.44400024414
2025-01-23 00:25:00,1.44099998474
2025-01-23 00:35:00,1.43700027466
2025-01-23 00:45:00,1.43200016022
2025-01-23 00:55:00,1.42599964142
2025-01-23 01:05:00,1.4329996109
2025-01-23 01:15:00,1.42799949646
2025-01-23 01:25:00,1.42500019073
2025-01-23 01:35:00,1.43200016022
2025-01-23 01:45:00,1.43700027466
2025-01-23 01:55:00,1.43799972534
2025-01-23 02:05:00,1.4390001297
2025-01-23 02:15:00,1.4390001297
2025-01-23 02:25:00,1.4359998703
2025-01-23 02:35:00,1.43799972534
2025-01-23 02:45:00,1.44400024414
2025-01-23 02:55:00,1.44999980927
2025-01-23 03:05:00,1.44699954987
2025-01-23 03:15:00,1.44400024414
2025-01-23 03:25:00,1.44099998474
2025-01-23 03:35:00,1.43499946594
2025-01-23 03:45:00,1.43099975586
2025-01-23 03:55:00,1.43700027466
2025-01-23 04:05:00,1.4359998703
2025-01-23 04:15:00,1.43700027466
2025-01-23 04:25:00,1.43400001526
2025-01-23 04:35:00,1.43999958038
2025-01-23 04:45:00,1.43099975586
2025-01-23 04:55:00,1.43099975586
2025-01-23 05:05:00,1.43499946594
2025-01-23 05:15:00,1.44199943542
2025-01-23 05:25:00,1.43499946594
2025-01-23 05:35:00,1.4329996109
2025-01-23 05:45:00,1.4329996109
2025-01-23 05:55:00,1.44299983978
2025-01-23 06:05:00,1.4390001297
2025-01-23 06:15:00,1.44199943542
2025-01-23 06:25:00,1.44900035858
2025-01-23 06:35:00,1.44600009918
2025-01-23 06:45:00,1.44499969482
2025-01-23 06:55:00,1.43999958038
2025-01-23 07:05:00,1.44900035858
2025-01-23 07:15:00,1.44699954987
2025-01-23 07:25:00,1.45300006866
2025-01-23 07:35:00,1.45399951935
2025-01-23 07:45:00,1.45100021362
2025-01-23 07:55:00,1.44900035858
2025-01-23 08:05:00,1.44999980927
2025-01-23 08:15:00,1.44900035858
2025-01-23 08:25:00,1.44699954987
2025-01-23 08:35:00,1.44499969482
2025-01-23 08:45:00,1.45100021362
2025-01-23 08:55:00,1.43700027466
2025-01-23 09:05:00,1.44699954987
2025-01-23 09:15:00,1.43999958038
2025-01-23 09:25:00,1.43799972534
2025-01-23 09:35:00,1.43400001526
2025-01-23 09:45:00,1.4390001297
2025-01-23 09:55:00,1.43499946594
2025-01-23 10:05:00,1.4329996109
2025-01-23 10:15:00,1.4359998703
2025-01-23 10:25:00,1.42799949646
2025-01-23 10:35:00,1.43999958038
2025-01-23 10:45:00,1.43700027466
2025-01-23 10:55:00,1.43499946594
2025-01-23 11:05:00,1.4390001297
2025-01-23 11:15:00,1.43200016022
2025-01-23 11:25:00,1.4329996109
2025-01-23 11:35:00,1.44400024414
2025-01-23 11:45:00,1.44999980927
2025-01-23 11:55:00,1.44099998474
2025-01-23 12:05:00,1.44499969482
2025-01-23 12:15:00,1.44999980927
2025-01-23 12:25:00,1.44799995422
2025-01-23 12:35:00,1.45800018311
2025-01-23 12:45:00,1.44900035858
2025-01-23 12:55:00,1.44900035858
2025-01-23 13:05:00,1.45499992371
2025-01-23 13:15:00,1.45399951935
2025-01-23 13:25:00,1.44900035858
2025-01-23 13:35:00,1.44799995422
2025-01-23 13:45:00,1.44499969482
2025-01-23 13:55:00,1.44900035858
2025-01-23 14:05:00,1.44900035858
2025-01-23 14:15:00,1.44699954987
2025-01-23 14:25:00,1.44600009918
2025-01-23 14:35:00,1.44099998474
2025-01-23 14:45:00,1.44099998474
2025-01-23 14:55:00,1.43799972534
2025-01-23 15:05:00,1.44099998474
2025-01-23 15:15:00,1.44099998474
2025-01-23 15:25:00,1.4329996109
2025-01-23 15:35:00,1.43799972534
2025-01-23 15:45:00,1.44099998474
2025-01-23 15:55:00,1.44099998474
2025-01-23 16:05:00,1.4359998703
2025-01-23 16:15:00,1.44600009918
2025-01-23 16:25:00,1.44299983978
2025-01-23 16:35:00,1.44400024414
2025-01-23 16:45:00,1.44299983978
2025-01-23 16:55:00,1.4390001297
2025-01-23 17:05:00,1.44199943542
2025-01-23 17:15:00,1.44099998474
2025-01-23 17:25:00,1.4390001297
2025-01-23 17:35:00,1.43200016022
2025-01-23 17:45:00,1.43400001526
2025-01-23 17:55:00,1.43499946594
2025-01-23 18:05:00,1.42700004578
2025-01-23 18:15:00,1.42799949646
2025-01-23 18:25:00,1.43000030518
2025-01-23 18:35:00,1.43799972534
2025-01-23 18:45:00,1.43499946594
2025-01-23 18:55:00,1.43499946594
2025-01-23 19:05:00,1.43499946594
2025-01-23 19:15:00,1.43099975586
2025-01-23 19:25:00,1.43499946594
2025-01-23 19:35:00,1.4359998703
2025-01-23 19:45:00,1.43499946594
2025-01-23 19:55:00,1.44499969482
2025-01-23 20:05:00,1.44199943542
2025-01-23 20:15:00,1.4390001297
2025-01-23 20:25:00,1.43700027466
2025-01-23 20:35:00,1.43799972534
2025-01-23 20:45:00,1.44799995422
2025-01-23 20:55:00,1.44600009918
2025-01-23 21:05:00,1.44499969482
2025-01-23 21:15:00,1.44699954987
2025-01-23 21:25:00,1.44600009918
2025-01-23 21:35:00,1.43999958038
2025-01-23 21:45:00,1.4359998703
2025-01-23 21:55:00,1.4359998703
2025-01-23 22:05:00,1.43499946594
2025-01-23 22:15:00,1.43799972534
2025-01-23 22:25:00,1.4359998703
2025-01-23 22:35:00,1.43200016022
2025-01-23 22:45:00,1.42799949646
2025-01-23 22:55:00,1.42799949646
2025-01-23 23:05:00,1.42700004578
2025-01-23 23:15:00,1.42599964142
2025-01-23 23:25:00,1.42000007629
2025-01-23 23:35:00,1.42199993134
2025-01-23 23:45:00,1.42099952698
2025-01-23 23:55:00,1.42199993134
2025-01-24 00:05:00,1.42300033569
2025-01-24 00:15:00,1.42099952698
2025-01-24 00:25:00,1.42399978638
2025-01-24 00:35:00,1.42799949646
2025-01-24 00:45:00,1.42599964142
2025-01-24 00:55:00,1.43200016022
2025-01-24 01:05:00,1.43000030518
2025-01-24 01:15:00,1.43400001526
2025-01-24 01:25:00,1.43400001526
2025-01-24 01:35:00,1.4329996109
2025-01-24 01:45:00,1.4329996109
2025-01-24 01:55:00,1.43799972534
2025-01-24 02:05:00,1.4390001297
2025-01-24 02:15:00,1.4359998703
2025-01-24 02:25:00,1.43799972534
2025-01-24 02:35:00,1.4359998703
2025-01-24 02:45:00,1.4329996109
2025-01-24 02:55:00,1.43799972534
2025-01-24 03:05:00,1.43200016022
2025-01-24 03:15:00,1.43099975586
2025-01-24 03:25:00,1.4329996109
2025-01-24 03:35:00,1.4329996109
2025-01-24 03:45:00,1.43099975586
2025-01-24 03:55:00,1.42799949646
2025-01-24 04:05:00,1.42799949646
2025-01-24 04:15:00,1.42199993134
2025-01-24 04:25:00,1.42399978638
2025-01-24 04:35:00,1.42500019073
2025-01-24 04:45:00,1.42799949646
2025-01-24 04:55:00,1.42199993134
2025-01-24 05:05:00,1.41800022125
2025-01-24 05:15:00,1.41899967194
2025-01-24 05:25:00,1.42099952698
2025-01-24 05:35:00,1.42000007629
2025-01-24 05:45:00,1.42099952698
2025-01-24 05:55:00,1.42300033569
2025-01-24 06:05:00,1.42599964142
2025-01-24 06:15:00,1.42399978638
2025-01-24 06:25:00,1.43200016022
2025-01-24 06:35:00,1.42899990082
2025-01-24 06:45:00,1.42899990082
2025-01-24 06:55:00,1.43000030518
2025-01-24 07:05:00,1.43000030518
2025-01-24 07:15:00,1.43499946594
2025-01-24 07:25:00,1.42899990082
2025-01-24 07:35:00,1.42899990082
2025-01-24 07:45:00,1.42899990082
2025-01-24 07:55:00,1.42899990082
2025-01-24 08:05:00,1.42700004578
2025-01-24 08:15:00,1.42799949646
2025-01-24 08:25:00,1.42500019073
2025-01-24 08:35:00,1.42899990082
2025-01-24 08:45:00,1.43200016022
2025-01-24 08:55:00,1.42899990082
2025-01-24 09:05:00,1.42500019073
2025-01-24 09:15:00,1.42500019073
2025-01-24 09:25:00,1.42799949646
2025-01-24 09:35:00,1.42899990082
2025-01-24 09:45:00,1.42700004578
2025-01-24 09:55:00,1.42599964142
2025-01-24 10:05:00,1.42500019073
2025-01-24 10:15:00,1.42500019073
2025-01-24 10:25:00,1.42700004578
2025-01-24 10:35:00,1.43200016022
2025-01-24 10:45:00,1.43200016022
2025-01-24 10:55:00,1.43099975586
2025-01-24 11:05:00,1.4329996109
2025-01-24 11:15:00,1.43700027466
2025-01-24 11:25:00,1.43099975586
2025-01-24 11:35:00,1.43400001526
2025-01-24 11:45:00,1.43200016022
2025-01-24 11:55:00,1.4359998703
2025-01-24 12:05:00,1.43499946594
2025-01-24 12:15:00,1.43200016022
2025-01-24 12:25:00,1.42500019073
2025-01-24 12:35:00,1.42099952698
2025-01-24 12:45:00,1.41899967194
2025-01-24 12:55:00,1.41499996185
2025-01-24 13:05:00,1.41599941254
2025-01-24 13:15:00,1.40899944305
2025-01-24 13:25:00,1.4139995575
2025-01-24 13:35:00,1.4139995575
2025-01-24 13:45:00,1.41300010681
2025-01-24 13:55:00,1.41199970245
2025-01-24 14:05:00,1.41699981689
2025-01-24 14:15:00,1.42000007629
2025-01-24 14:25:00,1.41599941254
2025-01-24 14:35:00,1.42199993134
2025-01-24 14:45:00,1.42199993134
2025-01-24 14:55:00,1.42000007629
2025-01-24 15:05:00,1.42199993134
2025-01-24 15:15:00,1.42300033569
2025-01-24 15:25:00,1.42799949646
2025-01-24 15:35:00,1.42799949646
2025-01-24 15:45:00,1.42899990082
2025-01-24 15:55:00,1.42799949646
2025-01-24 16:05:00,1.43099975586
2025-01-24 16:15:00,1.42300033569
2025-01-24 16:25:00,1.42199993134
2025-01-24 16:35:00,1.42099952698
2025-01-24 16:45:00,1.41699981689
2025-01-24 16:55:00,1.41499996185
2025-01-24 17:05:00,1.41699981689
2025-01-24 17:15:00,1.41100025177
2025-01-24 17:25:00,1.41300010681
2025-01-24 17:35:00,1.4139995575
2025-01-24 17:45:00,1.41300010681
2025-01-24 17:55:00,1.4139995575
2025-01-24 18:05:00,1.41300010681
2025-01-24 18:15:00,1.41499996185
2025-01-24 18:25:00,1.4139995575
2025-01-24 18:35:00,1.41699981689
2025-01-24 18:45:00,1.41800022125
2025-01-24 18:55:00,1.41599941254
2025-01-24 19:05:00,1.42099952698
2025-01-24 19:15:00,1.42199993134
2025-01-24 19:25:00,1.42799949646
2025-01-24 19:35:00,1.42799949646
2025-01-24 19:45:00,1.42500019073
2025-01-24 19:55:00,1.42799949646
2025-01-24 20:05:00,1.42300033569
2025-01-24 20:15:00,1.42300033569
2025-01-24 20:25:00,1.41699981689
2025-01-24 20:35:00,1.41599941254
2025-01-24 20:45:00,1.41800022125
2025-01-24 20:55:00,1.41100025177
2025-01-24 21:05:00,1.40799999237
2025-01-24 21:15:00,1.40699958801
2025-01-24 21:25:00,1.40600013733
2025-01-24 21:35:00,1.4139995575
2025-01-24 21:45:00,1.40799999237
2025-01-24 21:55:00,1.40899944305
2025-01-24 22:05:00,1.40699958801
2025-01-24 22:15:00,1.41199970245
2025-01-24 22:25:00,1.41199970245
2025-01-24 22:35:00,1.41199970245
2025-01-24 22:45:00,1.41499996185
2025-01-24 22:55:00,1.41199970245
2025-01-24 23:05:00,1.40999984741
2025-01-24 23:15:00,1.40899944305
2025-01-24 23:25:00,1.4139995575
2025-01-24 23:35:00,1.41100025177
2025-01-24 23:45:00,1.41599941254
2025-01-24 23:55:00,1.41599941254
2025-01-25 00:05:00,1.42099952698
2025-01-25 00:15:00,1.4139995575
2025-01-25 00:25:00,1.42099952698
2025-01-25 00:35:00,1.41899967194
2025-01-25 00:45:00,1.41599941254
2025-01-25 00:55:00,1.41899967194
2025-01-25 01:05:00,1.40999984741
2025-01-25 01:15:00,1.41499996185
2025-01-25 01:25:00,1.41499996185
2025-01-25 01:35:00,1.41300010681
2025-01-25 01:45:00,1.40999984741
2025-01-25 01:55:00,1.41199970245
2025-01-25 02:05:00,1.4139995575
2025-01-25 02:15:00,1.41100025177
2025-01-25 02:25:00,1.40999984741
2025-01-25 02:35:00,1.41699981689
2025-01-25 02:45:00,1.41199970245
2025-01-25 02:55:00,1.41300010681
2025-01-25 03:05:00,1.41599941254
2025-01-25 03:15:00,1.41599941254
2025-01-25 03:25:00,1.41699981689
2025-01-25 03:35:00,1.41800022125
2025-01-25 03:45:00,1.42199993134
2025-01-25 03:55:00,1.41899967194
2025-01-25 04:05:00,1.42099952698
2025-01-25 04:15:00,1.41599941254
2025-01-25 04:25:00,1.41699981689
2025-01-25 04:35:00,1.41800022125
2025-01-25 04:45:00,1.42000007629
2025-01-25 04:55:00,1.41599941254
2025-01-25 05:05:00,1.41899967194
2025-01-25 05:15:00,1.41800022125
2025-01-25 05:25:00,1.41800022125
2025-01-25 05:35:00,1.42000007629
2025-01-25 05:45:00,1.42199993134
2025-01-25 05:55:00,1.41699981689
2025-01-25 06:05:00,1.41800022125
2025-01-25 06:15:00,1.41699981689
2025-01-25 06:25:00,1.41800022125
2025-01-25 06:35:00,1.41599941254
2025-01-25 06:45:00,1.41499996185
2025-01-25 06:55:00,1.41899967194
2025-01-25 07:05:00,1.41599941254
2025-01-25 07:15:00,1.41300010681
2025-01-25 07:25:00,1.41599941254
2025-01-25 07:35:00,1.41100025177
2025-01-25 07:45:00,1.41100025177
2025-01-25 07:55:00,1.40699958801
2025-01-25 08:05:00,1.40499973297
2025-01-25 08:15:00,1.40799999237
2025-01-25 08:25:00,1.40799999237
2025-01-25 08:35:00,1.40899944305
2025-01-25 08:45:00,1.40999984741
2025-01-25 08:55:00,1.41599941254
2025-01-25 09:05:00,1.41899967194
2025-01-25 09:15:00,1.42099952698
2025-01-25 09:25:00,1.42500019073
2025-01-25 09:35:00,1.42599964142
2025-01-25 09:45:00,1.42300033569
2025-01-25 09:55:00,1.42599964142
2025-01-25 10:05:00,1.42300033569
2025-01-25 10:15:00,1.42099952698
2025-01-25 10:25:00,1.41599941254
2025-01-25 10:35:00,1.42099952698
2025-01-25 10:45:00,1.41899967194
2025-01-25 10:55:00,1.41699981689
2025-01-25 11:05:00,1.41199970245
2025-01-25 11:15:00,1.40899944305
2025-01-25 11:25:00,1.40699958801
2025-01-25 11:35:00,1.40299987793
2025-01-25 11:45:00,1.39700031281
2025-01-25 11:55:00,1.39400005341
2025-01-25 12:05:00,1.39099979401
2025-01-25 12:15:00,1.39400005341
2025-01-25 12:25:00,1.39200019836
2025-01-25 12:35:00,1.39499950409
2025-01-25 12:45:00,1.39400005341
2025-01-25 12:55:00,1.39499950409
2025-01-25 13:05:00,1.39499950409
2025-01-25 13:15:00,1.39799976349
2025-01-25 13:25:00,1.39400005341
2025-01-25 13:35:00,1.39400005341
2025-01-25 13:45:00,1.39700031281
2025-01-25 13:55:00,1.39999961853
2025-01-25 14:05:00,1.40299987793
2025-01-25 14:15:00,1.40499973297
2025-01-25 14:25:00,1.39900016785
2025-01-25 14:35:00,1.39799976349
2025-01-25 14:45:00,1.39999961853
2025-01-25 14:55:00,1.39599990845
2025-01-25 15:05:00,1.39099979401
2025-01-25 15:15:00,1.39299964905
2025-01-25 15:25:00,1.39400005341
2025-01-25 15:35:00,1.38500022888
2025-01-25 15:45:00,1.38500022888
2025-01-25 15:55:00,1.38500022888
2025-01-25 16:05:00,1.38199996948
2025-01-25 16:15:00,1.38399982452
2025-01-25 16:25:00,1.38199996948
2025-01-25 16:35:00,1.38299942017
2025-01-25 16:45:00,1.38199996948
2025-01-25 16:55:00,1.38099956512
2025-01-25 17:05:00,1.38500022888
2025-01-25 17:15:00,1.39200019836
2025-01-25 17:25:00,1.38599967957
2025-01-25 17:35:00,1.38899993896
2025-01-25 17:45:00,1.39099979401
2025-01-25 17:55:00,1.38500022888
2025-01-25 18:05:00,1.38899993896
2025-01-25 18:15:00,1.39000034332
2025-01-25 18:25:00,1.38700008392
2025-01-25 18:35:00,1.39499950409
2025-01-25 18:45:00,1.39299964905
2025-01-25 18:55:00,1.39200019836
2025-01-25 19:05:00,1.39499950409
2025-01-25 19:15:00,1.39799976349
2025-01-25 19:25:00,1.39700031281
2025-01-25 19:35:00,1.39999961853
2025-01-25 19:45:00,1.39700031281
2025-01-25 19:55:00,1.39799976349
2025-01-25 20:05:00,1.39000034332
2025-01-25 20:15:00,1.38399982452
2025-01-25 20:25:00,1.38500022888
2025-01-25 20:35:00,1.38700008392
2025-01-25 20:45:00,1.38399982452
2025-01-25 20:55:00,1.38700008392
2025-01-25 21:05:00,1.39299964905
2025-01-25 21:15:00,1.39000034332
2025-01-25 21:25:00,1.39400005341
2025-01-25 21:35:00,1.39099979401
2025-01-25 21:45:00,1.39700031281
2025-01-25 21:55:00,1.39599990845
2025-01-25 22:05:00,1.39999961853
2025-01-25 22:15:00,1.40299987793
2025-01-25 22:25:00,1.40799999237
2025-01-25 22:35:00,1.40799999237
2025-01-25 22:45:00,1.40699958801
2025-01-25 22:55:00,1.40600013733
2025-01-25 23:05:00,1.40899944305
2025-01-25 23:15:00,1.40699958801
2025-01-25 23:25:00,1.39999961853
2025-01-25 23:35:00,1.39499950409
2025-01-25 23:45:00,1.39900016785
2025-01-25 23:55:00,1.39799976349
2025-01-26 00:05:00,1.39799976349
2025-01-26 00:15:00,1.39799976349
2025-01-26 00:25:00,1.39999961853
2025-01-26 00:35:00,1.39700031281
2025-01-26 00:45:00,1.39799976349
2025-01-26 00:55:00,1.39999961853
2025-01-26 01:05:00,1.39999961853
2025-01-26 01:15:00,1.39999961853
2025-01-26 01:25:00,1.39799976349
2025-01-26 01:35:00,1.39799976349
2025-01-26 01:45:00,1.39799976349
2025-01-26 01:55:00,1.39700031281
2025-01-26 02:05:00,1.39900016785
2025-01-26 02:15:00,1.40499973297
2025-01-26 02:25:00,1.40499973297
2025-01-26 02:35:00,1.40499973297
2025-01-26 02:45:00,1.40299987793
2025-01-26 02:55:00,1.40199947357
2025-01-26 03:05:00,1.40499973297
2025-01-26 03:15:00,1.40600013733
2025-01-26 03:25:00,1.40400028229
2025-01-26 03:35:00,1.40100002289
2025-01-26 03:45:00,1.39799976349
2025-01-26 03:55:00,1.39599990845
2025-01-26 04:05:00,1.39700031281
2025-01-26 04:15:00,1.39700031281
2025-01-26 04:25:00,1.40299987793
2025-01-26 04:35:00,1.40699958801
2025-01-26 04:45:00,1.40699958801
2025-01-26 04:55:00,1.40699958801
2025-01-26 05:05:00,1.41199970245
2025-01-26 05:15:00,1.41100025177
2025-01-26 05:25:00,1.40799999237
2025-01-26 05:35:00,1.40999984741
2025-01-26 05:45:00,1.41499996185
2025-01-26 05:55:00,1.40899944305
2025-01-26 06:05:00,1.41199970245
2025-01-26 06:15:00,1.41100025177
2025-01-26 06:25:00,1.40699958801
2025-01-26 06:35:00,1.40400028229
2025-01-26 06:45:00,1.39499950409
2025-01-26 06:55:00,1.38899993896
2025-01-26 07:05:00,1.39099979401
2025-01-26 07:15:00,1.38599967957
2025-01-26 07:25:00,1.38599967957
2025-01-26 07:35:00,1.38599967957
2025-01-26 07:45:00,1.38500022888
2025-01-26 07:55:00,1.38399982452
2025-01-26 08:05:00,1.39000034332
2025-01-26 08:15:00,1.38599967957
2025-01-26 08:25:00,1.39200019836
2025-01-26 08:35:00,1.39299964905
2025-01-26 08:45:00,1.38899993896
2025-01-26 08:55:00,1.39499950409
2025-01-26 09:05:00,1.39799976349
2025-01-26 09:15:00,1.39900016785
2025-01-26 09:25:00,1.40100002289
2025-01-26 09:35:00,1.40100002289
2025-01-26 09:45:00,1.40499973297
2025-01-26 09:55:00,1.40400028229
2025-01-26 10:05:00,1.40499973297
2025-01-26 10:15:00,1.39900016785
2025-01-26 10:25:00,1.39900016785
2025-01-26 10:35:00,1.40100002289
2025-01-26 10:45:00,1.39599990845
2025-01-26 10:55:00,1.39599990845
2025-01-26 11:05:00,1.39499950409
2025-01-26 11:15:00,1.39400005341
2025-01-26 11:25:00,1.38899993896
2025-01-26 11:35:00,1.39499950409
2025-01-26 11:45:00,1.39299964905
2025-01-26 11:55:00,1.39400005341
2025-01-26 12:05:00,1.39400005341
2025-01-26 12:15:00,1.39599990845
2025-01-26 12:25:00,1.39400005341
2025-01-26 12:35:00,1.39299964905
2025-01-26 12:45:00,1.39499950409
2025-01-26 12:55:00,1.39299964905
2025-01-26 13:05:00,1.39099979401
2025-01-26 13:15:00,1.39400005341
2025-01-26 13:25:00,1.39799976349
2025-01-26 13:35:00,1.39700031281
2025-01-26 13:45:00,1.39400005341
2025-01-26 13:55:00,1.39799976349
2025-01-26 14:05:00,1.39999961853
2025-01-26 14:15:00,1.39299964905
2025-01-26 14:25:00,1.39099979401
2025-01-26 14:35:00,1.39099979401
2025-01-26 14:45:00,1.38899993896
2025-01-26 14:55:00,1.39099979401
2025-01-26 15:05:00,1.38599967957
2025-01-26 15:15:00,1.38599967957
2025-01-26 15:25:00,1.38599967957
2025-01-26 15:35:00,1.38099956512
2025-01-26 15:45:00,1.38299942017
2025-01-26 15:55:00,1.38399982452
2025-01-26 16:05:00,1.38500022888
2025-01-26 16:15:00,1.3780002594
2025-01-26 16:25:00,1.38199996948
2025-01-26 16:35:00,1.38399982452
2025-01-26 16:45:00,1.38099956512
2025-01-26 16:55:00,1.38799953461
2025-01-26 17:05:00,1.39400005341
2025-01-26 17:15:00,1.39400005341
2025-01-26 17:25:00,1.39599990845
2025-01-26 17:35:00,1.39499950409
2025-01-26 17:45:00,1.39700031281
2025-01-26 17:55:00,1.39799976349
2025-01-26 18:05:00,1.39200019836
2025-01-26 18:15:00,1.39900016785
2025-01-26 18:25:00,1.40100002289
2025-01-26 18:35:00,1.38399982452
2025-01-26 18:45:00,1.39099979401
2025-01-26 18:55:00,1.39099979401
2025-01-26 19:05:00,1.38899993896
2025-01-26 19:15:00,1.38500022888
2025-01-26 19:25:00,1.38700008392
2025-01-26 19:35:00,1.39000034332
2025-01-26 19:45:00,1.38700008392
2025-01-26 19:55:00,1.38599967957
2025-01-26 20:05:00,1.39099979401
2025-01-26 20:15:00,1.38899993896
2025-01-26 20:25:00,1.39299964905
2025-01-26 20:35:00,1.39599990845
2025-01-26 20:45:00,1.39599990845
2025-01-26 20:55:00,1.39400005341
2025-01-26 21:05:00,1.39499950409
2025-01-26 21:15:00,1.39599990845
2025-01-26 21:25:00,1.39900016785
2025-01-26 21:35:00,1.39999961853
2025-01-26 21:45:00,1.39599990845
2025-01-26 21:55:00,1.39900016785
2025-01-26 22:05:00,1.40199947357
2025-01-26 22:15:00,1.39299964905
2025-01-26 22:25:00,1.39200019836
2025-01-26 22:35:00,1.39000034332
2025-01-26 22:45:00,1.38899993896
2025-01-26 22:55:00,1.38599967957
2025-01-26 23:05:00,1.38899993896
2025-01-26 23:15:00,1.38799953461
2025-01-26 23:25:00,1.38899993896
2025-01-26 23:35:00,1.38899993896
2025-01-26 23:45:00,1.38899993896
2025-01-26 23:55:00,1.38700008392
2025-01-27 00:05:00,1.38799953461
2025-01-27 00:15:00,1.39400005341
2025-01-27 00:25:00,1.39200019836
2025-01-27 00:35:00,1.39000034332
2025-01-27 00:45:00,1.39400005341
2025-01-27 00:55:00,1.39799976349
2025-01-27 01:05:00,1.39599990845
2025-01-27 01:15:00,1.40199947357
2025-01-27 01:25:00,1.40699958801
2025-01-27 01:35:00,1.40999984741
2025-01-27 01:45:00,1.40899944305
2025-01-27 01:55:00,1.40699958801
2025-01-27 02:05:00,1.40899944305
2025-01-27 02:15:00,1.4139995575
2025-01-27 02:25:00,1.40999984741
2025-01-27 02:35:00,1.40499973297
2025-01-27 02:45:00,1.40100002289
2025-01-27 02:55:00,1.40100002289
2025-01-27 03:05:00,1.39700031281
2025-01-27 03:15:00,1.39200019836
2025-01-27 03:25:00,1.38899993896
2025-01-27 03:35:00,1.38899993896
2025-01-27 03:45:00,1.39000034332
2025-01-27 03:55:00,1.38700008392
2025-01-27 04:05:00,1.38399982452
2025-01-27 04:15:00,1.38500022888
2025-01-27 04:25:00,1.38500022888
2025-01-27 04:35:00,1.38899993896
2025-01-27 04:45:00,1.39099979401
2025-01-27 04:55:00,1.39099979401
2025-01-27 05:05:00,1.39299964905
2025-01-27 05:15:00,1.39400005341
2025-01-27 05:25:00,1.39599990845
2025-01-27 05:35:00,1.39700031281
2025-01-27 05:45:00,1.40400028229
2025-01-27 05:55:00,1.40600013733
2025-01-27 06:05:00,1.40799999237
2025-01-27 06:15:00,1.40899944305
2025-01-27 06:25:00,1.40999984741
2025-01-27 06:35:00,1.40899944305
2025-01-27 06:45:00,1.41100025177
2025-01-27 06:55:00,1.40600013733
2025-01-27 07:05:00,1.40400028229
2025-01-27 07:15:00,1.40199947357
2025-01-27 07:25:00,1.40400028229
2025-01-27 07:35:00,1.39999961853
2025-01-27 07:45:00,1.39700031281
2025-01-27 07:55:00,1.39000034332
2025-01-27 08:05:00,1.38899993896
2025-01-27 08:15:00,1.38399982452
2025-01-27 08:25:00,1.38700008392
2025-01-27 08:35:00,1.38299942017
2025-01-27 08:45:00,1.38199996948
2025-01-27 08:55:00,1.38399982452
2025-01-27 09:05:00,1.38299942017
2025-01-27 09:15:00,1.38299942017
2025-01-27 09:25:00,1.39200019836
2025-01-27 09:35:00,1.39499950409
2025-01-27 09:45:00,1.39900016785
2025-01-27 09:55:00,1.39999961853
2025-01-27 10:05:00,1.40199947357
2025-01-27 10:15:00,1.40100002289
2025-01-27 10:25:00,1.40100002289
2025-01-27 10:35:00,1.40299987793
2025-01-27 10:45:00,1.40299987793
2025-01-27 10:55:00,1.40400028229
2025-01-27 11:05:00,1.39900016785
2025-01-27 11:15:00,1.39499950409
2025-01-27 11:25:00,1.39599990845
2025-01-27 11:35:00,1.39599990845
2025-01-27 11:45:00,1.39099979401
2025-01-27 11:55:00,1.38799953461
2025-01-27 12:05:00,1.39099979401
2025-01-27 12:15:00,1.38399982452
2025-01-27 12:25:00,1.38599967957
2025-01-27 12:35:00,1.38399982452
2025-01-27 12:45:00,1.38399982452
2025-01-27 12:55:00,1.38799953461
2025-01-27 13:05:00,1.39099979401
2025-01-27 13:15:00,1.39200019836
2025-01-27 13:25:00,1.39200019836
2025-01-27 13:35:00,1.39200019836
2025-01-27 13:45:00,1.39400005341
2025-01-27 13:55:00,1.39299964905
2025-01-27 14:05:00,1.40400028229
2025-01-27 14:15:00,1.39999961853
2025-01-27 14:25:00,1.39799976349
2025-01-27 14:35:00,1.40299987793
2025-01-27 14:45:00,1.40199947357
2025-01-27 14:55:00,1.39799976349
2025-01-27 15:05:00,1.39700031281
2025-01-27 15:15:00,1.39099979401
2025-01-27 15:25:00,1.39000034332
2025-01-27 15:35:00,1.38700008392
2025-01-27 15:45:00,1.38700008392
2025-01-27 15:55:00,1.38599967957
2025-01-27 16:05:00,1.38899993896
2025-01-27 16:15:00,1.38599967957
2025-01-27 16:25:00,1.38599967957
2025-01-27 16:35:00,1.38399982452
2025-01-27 16:45:00,1.38299942017
2025-01-27 16:55:00,1.38500022888
2025-01-27 17:05:00,1.38700008392
2025-01-27 17:15:00,1.38799953461
2025-01-27 17:25:00,1.38899993896
2025-01-27 17:35:00,1.39200019836
2025-01-27 17:45:00,1.39499950409
2025-01-27 17:55:00,1.39700031281
2025-01-27 18:05:00,1.39599990845
2025-01-27 18:15:00,1.39999961853
2025-01-27 18:25:00,1.40100002289
2025-01-27 18:35:00,1.39400005341
2025-01-27 18:45:00,1.39999961853
2025-01-27 18:55:00,1.40199947357
2025-01-27 19:05:00,1.39700031281
2025-01-27 19:15:00,1.40100002289
2025-01-27 19:25:00,1.39799976349
2025-01-27 19:35:00,1.39799976349
2025-01-27 19:45:00,1.39599990845
2025-01-27 19:55:00,1.39499950409
2025-01-27 20:05:00,1.38700008392
2025-01-27 20:15:00,1.38500022888
2025-01-27 20:25:00,1.38000011444
2025-01-27 20:35:00,1.37699985504
2025-01-27 20:45:00,1.37599945068
2025-01-27 20:55:00,1.375
2025-01-27 21:05:00,1.3689994812
2025-01-27 21:15:00,1.37300014496
2025-01-27 21:25:00,1.3719997406
2025-01-27 21:35:00,1.37100028992
2025-01-27 21:45:00,1.375
2025-01-27 21:55:00,1.38299942017
2025-01-27 22:05:00,1.38599967957
2025-01-27 22:15:00,1.38700008392
2025-01-27 22:25:00,1.38500022888
2025-01-27 22:35:00,1.38700008392
2025-01-27 22:45:00,1.39299964905
2025-01-27 22:55:00,1.39999961853
2025-01-27 23:05:00,1.39900016785
2025-01-27 23:15:00,1.39700031281
2025-01-27 23:25:00,1.40100002289
2025-01-27 23:35:00,1.40299987793
2025-01-27 23:45:00,1.39799976349
2025-01-27 23:55:00,1.39999961853
2025-01-28 00:05:00,1.39799976349
2025-01-28 00:15:00,1.39599990845
2025-01-28 00:25:00,1.39200019836
2025-01-28 00:35:00,1.38899993896
2025-01-28 00:45:00,1.39000034332
2025-01-28 00:55:00,1.39200019836
2025-01-28 01:05:00,1.39200019836
2025-01-28 01:15:00,1.39000034332
2025-01-28 01:25:00,1.38899993896
2025-01-28 01:35:00,1.39200019836
2025-01-28 01:45:00,1.39200019836
2025-01-28 01:55:00,1.38799953461
2025-01-28 02:05:00,1.38199996948
2025-01-28 02:15:00,1.38299942017
2025-01-28 02:25:00,1.38099956512
2025-01-28 02:35:00,1.3780002594
2025-01-28 02:45:00,1.37100028992
2025-01-28 02:55:00,1.37699985504
2025-01-28 03:05:00,1.38099956512
2025-01-28 03:15:00,1.3780002594
2025-01-28 03:25:00,1.37899971008
2025-01-28 03:35:00,1.37899971008
2025-01-28 03:45:00,1.37599945068
2025-01-28 03:55:00,1.36999988556
2025-01-28 04:05:00,1.37399959564
2025-01-28 04:15:00,1.37300014496
2025-01-28 04:25:00,1.3689994812
2025-01-28 04:35:00,1.36600017548
2025-01-28 04:45:00,1.36199951172
2025-01-28 04:55:00,1.35700035095
2025-01-28 05:05:00,1.35499954224
2025-01-28 05:15:00,1.35499954224
2025-01-28 05:25:00,1.35700035095
2025-01-28 05:35:00,1.35700035095
2025-01-28 05:45:00,1.35499954224
2025-01-28 05:55:00,1.35799980164
2025-01-28 06:05:00,1.35700035095
2025-01-28 06:15:00,1.35999965668
2025-01-28 06:25:00,1.35900020599
2025-01-28 06:35:00,1.36400032043
2025-01-28 06:45:00,1.36600017548
2025-01-28 06:55:00,1.3719997406
2025-01-28 07:05:00,1.37599945068
2025-01-28 07:15:00,1.37699985504
2025-01-28 07:25:00,1.38399982452
2025-01-28 07:35:00,1.38199996948
2025-01-28 07:45:00,1.38700008392
2025-01-28 07:55:00,1.39299964905
2025-01-28 08:05:00,1.39299964905
2025-01-28 08:15:00,1.38700008392
2025-01-28 08:25:00,1.38899993896
2025-01-28 08:35:00,1.38099956512
2025-01-28 08:45:00,1.37699985504
2025-01-28 08:55:00,1.37399959564
2025-01-28 09:05:00,1.37300014496
2025-01-28 09:15:00,1.375
2025-01-28 09:25:00,1.3719997406
2025-01-28 09:35:00,1.36999988556
2025-01-28 09:45:00,1.3719997406
2025-01-28 09:55:00,1.3689994812
2025-01-28 10:05:00,1.3689994812
2025-01-28 10:15:00,1.3689994812
2025-01-28 10:25:00,1.3689994812
2025-01-28 10:35:00,1.3689994812
2025-01-28 10:45:00,1.3689994812
2025-01-28 10:55:00,1.3689994812
2025-01-28 11:05:00,1.3689994812
2025-01-28 11:15:00,1.3689994812
2025-01-28 11:25:00,1.3689994812
2025-01-28 11:35:00,1.3689994812
2025-01-28 11:45:00,1.3689994812
2025-01-28 11:55:00,1.3689994812
2025-01-28 12:05:00,1.3689994812
2025-01-28 12:15:00,1.3689994812
2025-01-28 12:25:00,1.3689994812
2025-01-28 12:35:00,1.3689994812
2025-01-28 12:45:00,1.3689994812
2025-01-28 12:55:00,1.3689994812
2025-01-13 15:34:58,1.3689994812
